id_colaborador,id_departamento,id_cargo,salario,faixa_salarial,turnover,motivo_desligamento,faltas,absenteismo_pct,dias_afastamento,tipo_afastamento,horas_extras,banco_horas,sla_recrutamento,nota_desempenho,engajamento,horas_treinamento,promovido,ferias_pendentes
1,10,8,3569,R$3.000-6.000,Não,,3,0.9,0,,7,4,58,3.6,87,26,Não,26
2,10,9,7600,R$6.000-10.000,Não,,0,1.76,0,,46,-1,37,4.0,84,6,Não,11
3,2,9,7201,R$6.000-10.000,Não,,0,3.52,10,INSS,16,2,49,2.6,75,20,Não,15
4,6,6,11391,R$10.000-15.000,Não,,1,2.95,5,Acidente,25,-14,18,3.5,82,7,Não,11
5,10,9,7502,R$6.000-10.000,Não,,1,3.91,0,,23,-8,60,4.3,74,31,Não,6
6,2,4,2473,Ate R$3.000,Não,,2,3.32,5,Licença Médica,29,37,37,2.6,84,24,Não,6
7,1,3,4197,R$3.000-6.000,Sim,Fim de Contrato,0,4.22,0,,56,37,21,3.2,71,38,Não,1
8,6,8,3046,R$3.000-6.000,Não,,3,2.0,0,,16,-10,57,3.3,98,15,Não,0
9,7,9,8959,R$6.000-10.000,Não,,1,2.43,0,,28,2,40,3.8,88,29,Não,9
10,7,5,2407,Ate R$3.000,Não,,1,1.77,2,Licença Médica,51,-13,45,3.2,77,37,Não,7
11,2,9,8919,R$6.000-10.000,Não,,3,3.01,5,Licença Médica,24,9,47,2.6,84,37,Não,12
12,2,9,10444,R$10.000-15.000,Não,,2,5.95,5,Licença Médica,20,39,42,3.4,80,20,Não,22
13,7,9,7784,R$6.000-10.000,Não,,2,4.12,10,INSS,24,29,34,3.1,91,23,Não,12
14,7,9,10261,R$10.000-15.000,Não,,0,2.8,15,INSS,44,-15,24,3.1,66,36,Não,0
15,4,3,3881,R$3.000-6.000,Não,,3,2.22,15,Licença Médica,5,-20,56,3.1,77,33,Não,29
16,7,4,2596,Ate R$3.000,Não,,2,4.06,5,INSS,52,-5,35,4.4,69,25,Não,15
17,8,7,18348,Acima de R$15.000,Não,,6,2.46,2,INSS,29,40,60,3.3,57,36,Não,11
18,10,8,4425,R$3.000-6.000,Não,,3,2.37,5,Acidente,43,4,30,2.7,77,35,Não,9
19,2,9,7872,R$6.000-10.000,Não,,1,3.13,15,INSS,47,-2,58,2.8,88,35,Não,11
20,1,9,8167,R$6.000-10.000,Não,,0,2.32,0,,6,10,14,3.6,100,34,Não,22
21,2,9,8540,R$6.000-10.000,Não,,4,3.43,10,Acidente,11,15,15,3.7,77,30,Não,18
22,8,1,5714,R$3.000-6.000,Não,,4,1.94,0,,9,-5,30,3.4,84,10,Não,27
23,7,9,8353,R$6.000-10.000,Não,,2,6.6,15,Licença Médica,56,5,17,3.3,93,27,Não,27
24,10,9,7797,R$6.000-10.000,Não,,3,1.76,5,Licença Médica,16,0,35,2.4,54,24,Não,21
25,4,3,3968,R$3.000-6.000,Sim,Desligamento sem Justa Causa,1,1.42,2,Licença Médica,40,-20,58,2.8,78,39,Não,1
26,10,9,8252,R$6.000-10.000,Não,,1,4.63,0,,33,17,59,3.2,91,33,Não,17
27,10,9,10472,R$10.000-15.000,Não,,3,3.34,2,INSS,33,27,20,1.9,77,22,Não,22
28,2,9,8028,R$6.000-10.000,Não,,2,2.91,0,,7,25,43,2.9,81,13,Não,25
29,6,8,3518,R$3.000-6.000,Não,,3,2.69,15,Licença Médica,46,38,60,3.2,67,6,Não,2
30,1,1,4625,R$3.000-6.000,Não,,3,3.81,15,Licença Médica,59,26,31,2.4,74,33,Não,14
31,6,8,4326,R$3.000-6.000,Não,,1,2.32,0,,41,-12,12,2.3,81,30,Não,7
32,6,6,12141,R$10.000-15.000,Não,,3,1.94,0,,19,-10,45,3.8,84,12,Não,10
33,2,5,2618,Ate R$3.000,Não,,1,4.7,2,Licença Médica,9,35,20,4.6,84,8,Sim,1
34,7,9,7600,R$6.000-10.000,Não,,2,3.34,0,,21,17,42,3.7,66,22,Não,30
35,2,4,2568,Ate R$3.000,Não,,4,4.53,0,,46,-17,31,1.8,88,1,Não,9
36,2,5,2610,Ate R$3.000,Não,,1,0.54,2,Acidente,37,-10,19,3.6,100,39,Não,5
37,7,9,10055,R$10.000-15.000,Não,,1,4.41,0,,45,37,18,3.3,63,28,Não,13
38,1,1,5074,R$3.000-6.000,Não,,3,5.05,0,,0,38,53,3.8,68,23,Não,24
39,2,5,2541,Ate R$3.000,Não,,1,4.36,2,INSS,32,2,60,2.1,75,18,Não,29
40,7,4,2543,Ate R$3.000,Sim,Desligamento sem Justa Causa,1,6.02,0,,28,25,43,2.6,98,32,Não,22
41,9,2,9143,R$6.000-10.000,Sim,Desligamento sem Justa Causa,2,3.1,0,,7,-7,40,2.8,77,17,Não,6
42,6,8,3604,R$3.000-6.000,Não,,3,4.24,5,Acidente,18,-11,39,3.9,88,22,Não,16
43,2,4,1974,Ate R$3.000,Não,,1,2.35,10,Acidente,39,16,34,4.1,79,37,Não,25
44,6,8,3780,R$3.000-6.000,Não,,1,1.59,0,,20,30,45,2.8,100,25,Não,28
45,10,9,10219,R$10.000-15.000,Não,,2,4.5,15,Acidente,48,-19,18,4.0,77,8,Não,7
46,6,8,4392,R$3.000-6.000,Não,,6,1.43,5,Acidente,39,4,21,2.9,67,14,Não,26
47,5,1,6021,R$6.000-10.000,Não,,0,3.55,5,INSS,31,14,27,3.4,70,38,Não,16
48,6,6,13769,R$10.000-15.000,Não,,3,3.73,15,Acidente,44,-8,22,2.8,78,17,Não,2
49,7,5,3189,R$3.000-6.000,Não,,3,2.99,2,Acidente,48,32,55,1.6,92,14,Não,8
50,7,4,2470,Ate R$3.000,Não,,1,3.04,15,INSS,11,22,43,2.5,67,25,Não,8
51,7,9,9263,R$6.000-10.000,Não,,1,0.63,2,INSS,4,-17,23,3.8,60,36,Não,1
52,2,9,8199,R$6.000-10.000,Não,,1,3.28,5,Acidente,28,-4,59,3.5,64,39,Não,12
53,2,4,2580,Ate R$3.000,Não,,0,3.66,5,Licença Médica,2,6,47,2.8,75,6,Não,4
54,3,1,5756,R$3.000-6.000,Sim,Desligamento sem Justa Causa,2,3.01,10,Licença Médica,22,9,16,3.2,67,9,Não,8
55,9,7,23353,Acima de R$15.000,Sim,Fim de Contrato,1,2.68,0,,14,40,21,3.6,66,6,Não,28
56,7,5,2999,Ate R$3.000,Não,,2,3.91,10,INSS,31,7,38,3.9,88,20,Não,14
57,2,9,8607,R$6.000-10.000,Não,,1,1.65,10,Acidente,56,29,16,2.7,92,2,Não,28
58,7,4,2400,Ate R$3.000,Sim,Fim de Contrato,1,1.87,0,,2,-3,39,2.7,96,17,Não,13
59,9,2,9139,R$6.000-10.000,Não,,2,3.78,0,,44,-8,39,3.4,64,32,Não,12
60,7,5,2558,Ate R$3.000,Não,,5,5.39,0,,37,-5,13,3.6,86,5,Não,25
61,8,6,11306,R$10.000-15.000,Não,,2,3.07,2,Acidente,40,7,19,2.4,68,34,Não,28
62,7,9,9994,R$6.000-10.000,Não,,4,3.51,5,Licença Médica,6,30,21,3.4,84,2,Não,12
63,2,4,2401,Ate R$3.000,Não,,2,3.43,2,INSS,25,38,34,3.4,79,27,Não,1
64,3,3,4099,R$3.000-6.000,Não,,2,1.36,15,Acidente,39,26,46,4.1,78,11,Não,4
65,8,7,23262,Acima de R$15.000,Não,,0,3.11,2,INSS,27,30,23,3.9,66,11,Não,9
66,10,1,4807,R$3.000-6.000,Não,,1,3.48,0,,42,-13,38,3.4,49,31,Não,5
67,3,1,5313,R$3.000-6.000,Sim,Desligamento sem Justa Causa,3,3.74,0,,54,-19,59,3.2,87,5,Não,30
68,9,1,5350,R$3.000-6.000,Não,,2,2.81,5,INSS,12,37,16,4.3,84,14,Não,20
69,10,8,3127,R$3.000-6.000,Sim,Fim de Contrato,1,1.02,0,,48,13,57,4.2,93,36,Não,14
70,2,9,8827,R$6.000-10.000,Não,,1,3.45,5,Licença Médica,22,40,13,3.8,73,26,Não,28
71,8,6,14654,R$10.000-15.000,Não,,2,5.18,2,INSS,41,33,10,3.6,75,12,Não,22
72,6,8,4403,R$3.000-6.000,Não,,1,2.96,0,,8,15,19,4.1,78,32,Não,22
73,2,9,9556,R$6.000-10.000,Não,,3,3.01,5,Acidente,43,20,58,3.4,100,10,Não,6
74,10,1,5207,R$3.000-6.000,Não,,0,3.65,2,Licença Médica,25,11,30,3.1,93,7,Não,5
75,2,9,10883,R$10.000-15.000,Não,,1,5.37,0,,57,21,39,2.3,80,15,Não,11
76,10,9,10621,R$10.000-15.000,Não,,1,2.56,2,INSS,44,20,30,3.6,71,1,Não,26
77,7,4,2138,Ate R$3.000,Não,,3,3.93,10,Acidente,51,-14,23,3.0,74,8,Não,14
78,2,5,2580,Ate R$3.000,Não,,1,3.17,0,,34,0,43,3.2,84,3,Não,24
79,7,4,1959,Ate R$3.000,Não,,1,3.32,2,INSS,31,-10,59,2.7,65,30,Não,23
80,7,9,10292,R$10.000-15.000,Não,,0,2.23,2,Licença Médica,20,31,44,2.9,82,6,Não,26
81,2,5,2441,Ate R$3.000,Sim,Fim de Contrato,0,3.31,5,INSS,60,-4,44,1.4,61,10,Não,30
82,2,9,9672,R$6.000-10.000,Não,,2,1.63,0,,3,-11,59,3.8,78,39,Não,20
83,4,6,14456,R$10.000-15.000,Não,,3,2.12,15,Licença Médica,58,-10,24,2.9,74,18,Não,6
84,8,6,13376,R$10.000-15.000,Sim,Desligamento sem Justa Causa,4,3.64,10,Acidente,4,29,19,3.6,75,20,Não,3
85,7,5,3184,R$3.000-6.000,Não,,2,3.78,0,,52,0,44,3.6,77,31,Não,29
86,3,3,3569,R$3.000-6.000,Não,,1,4.54,10,INSS,46,3,53,2.6,65,12,Não,21
87,2,4,2028,Ate R$3.000,Não,,2,2.75,15,Acidente,2,4,19,2.4,80,20,Não,13
88,2,9,10806,R$10.000-15.000,Sim,Desligamento sem Justa Causa,2,3.9,0,,47,3,44,4.0,84,25,Não,4
89,6,9,10959,R$10.000-15.000,Não,,2,2.17,15,Licença Médica,20,25,28,2.6,78,21,Não,23
90,10,1,4975,R$3.000-6.000,Não,,3,3.84,2,INSS,52,6,24,4.0,84,5,Não,14
91,4,6,14986,R$10.000-15.000,Não,,2,1.33,0,,25,-11,14,3.5,84,35,Não,5
92,6,9,9772,R$6.000-10.000,Sim,Pedido de Demissão,1,3.75,10,INSS,49,7,23,3.2,63,9,Não,15
93,10,9,9686,R$6.000-10.000,Sim,Desligamento sem Justa Causa,0,2.14,0,,5,27,16,3.0,61,20,Não,9
94,4,1,6836,R$6.000-10.000,Não,,1,2.89,0,,57,1,58,3.4,94,16,Não,1
95,7,5,2770,Ate R$3.000,Não,,1,2.82,0,,9,-1,35,4.0,87,3,Não,13
96,6,6,15869,Acima de R$15.000,Não,,0,1.5,5,Licença Médica,20,-16,60,3.6,74,10,Não,23
97,7,4,2158,Ate R$3.000,Não,,1,3.93,10,INSS,20,-13,46,2.5,53,31,Não,27
98,4,3,3723,R$3.000-6.000,Não,,0,2.57,0,,5,4,12,3.1,74,32,Não,3
99,6,9,7981,R$6.000-10.000,Não,,2,2.71,2,Licença Médica,4,0,44,3.3,83,33,Não,8
100,6,9,8089,R$6.000-10.000,Não,,1,6.2,2,Acidente,56,-20,17,2.1,76,22,Não,30
101,10,1,5145,R$3.000-6.000,Não,,3,2.52,5,INSS,37,14,28,3.1,83,29,Não,30
102,7,4,1972,Ate R$3.000,Não,,1,3.23,0,,23,17,45,2.9,80,39,Não,16
103,7,4,1915,Ate R$3.000,Não,,4,3.69,0,,24,-1,46,2.8,59,2,Não,11
104,7,4,2458,Ate R$3.000,Não,,2,3.44,0,,8,36,38,3.7,83,3,Não,22
105,2,5,2772,Ate R$3.000,Não,,2,1.62,0,,21,28,44,2.8,56,39,Não,13
106,2,4,2217,Ate R$3.000,Sim,Desligamento sem Justa Causa,3,3.35,0,,48,38,48,3.1,65,40,Não,6
107,2,9,8952,R$6.000-10.000,Não,,0,1.85,2,Acidente,10,6,55,3.0,84,22,Não,29
108,7,9,10449,R$10.000-15.000,Não,,4,1.78,15,INSS,19,30,18,3.5,63,38,Não,27
109,7,5,3174,R$3.000-6.000,Não,,4,3.57,0,,1,-3,45,3.6,97,34,Não,12
110,7,4,2017,Ate R$3.000,Não,,1,4.64,2,Acidente,29,-17,46,3.1,66,0,Não,0
111,1,9,10557,R$10.000-15.000,Não,,1,5.5,0,,59,38,12,2.7,89,10,Não,12
112,10,9,10940,R$10.000-15.000,Sim,Fim de Contrato,1,2.08,5,Acidente,42,38,56,2.9,71,16,Não,12
113,9,2,7340,R$6.000-10.000,Não,,2,6.36,5,Acidente,36,3,44,2.1,68,12,Não,14
114,4,6,13211,R$10.000-15.000,Não,,2,3.48,0,,34,33,30,3.8,59,10,Não,6
115,7,4,2306,Ate R$3.000,Não,,5,3.18,2,INSS,40,-17,16,2.5,51,34,Não,15
116,5,7,19767,Acima de R$15.000,Não,,5,0.87,15,INSS,16,14,39,3.9,39,29,Não,14
117,5,7,20747,Acima de R$15.000,Não,,3,3.45,15,Licença Médica,48,-10,44,2.9,84,7,Não,2
118,6,8,2983,Ate R$3.000,Não,,4,3.57,0,,33,32,48,3.7,55,0,Não,16
119,6,8,4387,R$3.000-6.000,Não,,1,4.23,0,,18,-6,31,2.6,77,29,Não,30
120,7,9,10414,R$10.000-15.000,Não,,1,1.22,0,,17,7,20,3.2,75,0,Não,10
121,7,9,9265,R$6.000-10.000,Não,,1,2.42,0,,3,0,30,3.6,73,12,Não,4
122,9,7,18519,Acima de R$15.000,Não,,0,6.22,0,,46,20,22,2.9,74,17,Não,4
123,4,6,11939,R$10.000-15.000,Não,,2,1.82,0,,8,36,58,4.7,94,9,Não,20
124,7,4,2435,Ate R$3.000,Sim,Desligamento sem Justa Causa,3,0.57,0,,12,-4,49,2.7,72,27,Não,25
125,3,1,6051,R$6.000-10.000,Não,,5,2.1,15,Licença Médica,58,24,31,2.2,93,3,Não,7
126,7,4,2470,Ate R$3.000,Não,,2,5.11,0,,33,-8,17,3.2,75,39,Não,3
127,10,9,9408,R$6.000-10.000,Não,,1,3.25,15,Acidente,46,40,30,3.4,88,4,Não,5
128,7,5,3062,R$3.000-6.000,Não,,5,-0.22,5,Licença Médica,13,4,27,4.3,79,18,Sim,22
129,7,5,2340,Ate R$3.000,Não,,1,2.83,0,,5,-4,29,3.1,81,23,Não,17
130,8,1,6176,R$6.000-10.000,Não,,4,1.7,0,,36,-18,29,3.6,78,19,Não,20
131,7,9,8427,R$6.000-10.000,Não,,0,3.81,5,Licença Médica,26,37,10,2.4,71,16,Não,21
132,3,3,3351,R$3.000-6.000,Não,,2,0.25,0,,3,-13,50,4.7,59,18,Não,15
133,3,7,19480,Acima de R$15.000,Não,,0,-0.26,15,Licença Médica,26,32,50,3.4,83,5,Não,4
134,6,6,11305,R$10.000-15.000,Sim,Fim de Contrato,1,1.43,2,INSS,20,27,56,2.9,84,35,Não,6
135,7,5,2984,Ate R$3.000,Não,,1,2.24,0,,20,-20,34,2.7,76,35,Não,16
136,1,1,5081,R$3.000-6.000,Não,,4,4.25,15,Licença Médica,38,-18,35,3.1,74,14,Não,3
137,8,7,19240,Acima de R$15.000,Não,,4,3.53,0,,48,4,29,3.4,90,30,Não,3
138,6,9,10354,R$10.000-15.000,Não,,2,2.73,15,Acidente,50,12,59,3.1,67,40,Não,18
139,6,6,13761,R$10.000-15.000,Não,,1,3.46,15,Acidente,38,37,14,3.5,82,27,Não,29
140,2,5,2365,Ate R$3.000,Não,,0,3.45,0,,40,17,29,2.3,76,26,Não,8
141,7,9,7099,R$6.000-10.000,Não,,0,5.99,10,Acidente,46,4,19,3.6,87,14,Não,26
142,6,8,4243,R$3.000-6.000,Sim,Pedido de Demissão,2,0.97,0,,21,6,59,4.2,81,34,Não,19
143,6,6,14751,R$10.000-15.000,Não,,1,2.53,0,,14,12,55,4.2,56,4,Não,10
144,7,9,9551,R$6.000-10.000,Não,,2,2.62,10,Acidente,2,21,26,2.7,85,8,Não,28
145,2,4,2579,Ate R$3.000,Não,,0,4.94,0,,59,13,31,2.8,72,10,Não,25
146,7,5,2913,Ate R$3.000,Não,,3,3.43,0,,60,-9,36,3.0,73,22,Não,24
147,10,9,9876,R$6.000-10.000,Não,,2,1.96,5,INSS,23,-4,21,3.9,65,22,Não,15
148,6,8,3520,R$3.000-6.000,Não,,0,2.84,10,Acidente,8,26,60,2.9,95,35,Não,1
149,2,9,8959,R$6.000-10.000,Não,,3,2.82,10,Acidente,54,-8,57,2.5,68,28,Não,6
150,7,5,2964,Ate R$3.000,Não,,5,3.43,0,,12,1,25,3.3,74,40,Não,18
151,7,5,2759,Ate R$3.000,Não,,1,4.03,15,Acidente,13,-6,37,3.4,66,17,Não,1
152,2,5,3042,R$3.000-6.000,Não,,2,0.68,10,INSS,28,7,40,3.6,84,33,Não,28
153,7,4,2482,Ate R$3.000,Não,,1,3.94,15,INSS,8,10,12,3.7,64,20,Não,25
154,3,3,3099,R$3.000-6.000,Não,,0,2.47,0,,41,30,35,2.1,66,22,Não,17
155,1,3,3667,R$3.000-6.000,Não,,6,5.86,5,Licença Médica,37,-13,10,3.5,67,36,Não,30
156,7,4,1976,Ate R$3.000,Não,,1,3.67,10,Licença Médica,34,27,36,3.9,57,19,Não,11
157,10,9,7165,R$6.000-10.000,Sim,Fim de Contrato,1,2.78,5,Acidente,60,22,44,2.9,82,2,Não,15
158,2,4,2550,Ate R$3.000,Não,,3,3.03,0,,24,28,51,2.9,62,19,Não,5
159,2,9,8205,R$6.000-10.000,Não,,1,3.69,0,,17,-9,31,3.1,76,21,Não,17
160,6,8,3604,R$3.000-6.000,Não,,1,5.5,10,INSS,49,22,31,3.6,100,19,Não,7
161,7,5,3004,R$3.000-6.000,Não,,2,1.28,15,Acidente,19,-1,48,3.7,77,11,Não,16
162,6,9,7782,R$6.000-10.000,Não,,2,4.32,0,,18,19,20,3.5,74,7,Não,28
163,7,5,2575,Ate R$3.000,Não,,2,1.97,0,,48,17,19,2.5,78,39,Não,13
164,10,1,5471,R$3.000-6.000,Não,,5,-0.26,0,,0,-3,22,3.3,47,15,Não,8
165,2,5,2589,Ate R$3.000,Não,,2,2.45,15,Acidente,6,4,22,3.3,75,31,Não,26
166,7,5,2384,Ate R$3.000,Não,,3,2.64,0,,52,-16,34,2.6,72,40,Não,30
167,7,5,3172,R$3.000-6.000,Não,,0,3.5,0,,21,25,17,4.1,67,7,Não,26
168,7,9,9004,R$6.000-10.000,Não,,2,4.49,10,INSS,48,23,40,3.7,91,22,Não,19
169,7,4,2220,Ate R$3.000,Não,,2,2.83,2,Licença Médica,53,37,38,3.5,64,20,Não,20
170,4,1,6731,R$6.000-10.000,Não,,3,5.07,0,,37,37,22,3.3,77,31,Não,16
171,6,6,15567,Acima de R$15.000,Não,,0,1.29,0,,18,-5,21,2.6,59,30,Não,23
172,10,8,3150,R$3.000-6.000,Não,,1,1.52,5,Acidente,33,33,34,3.7,73,1,Não,29
173,1,3,3588,R$3.000-6.000,Não,,0,3.1,2,INSS,48,23,56,3.3,74,22,Não,3
174,2,4,2448,Ate R$3.000,Não,,0,4.98,0,,21,27,11,3.5,66,0,Não,7
175,7,5,2787,Ate R$3.000,Não,,1,1.34,10,INSS,43,21,51,3.5,64,20,Não,14
176,4,1,6913,R$6.000-10.000,Não,,3,3.88,0,,15,39,15,3.1,64,4,Não,21
177,7,9,9950,R$6.000-10.000,Não,,2,2.62,0,,25,-2,29,3.5,88,35,Não,2
178,2,4,2086,Ate R$3.000,Não,,1,1.64,5,INSS,6,-19,40,3.3,78,2,Não,21
179,10,9,8220,R$6.000-10.000,Sim,Fim de Contrato,2,3.34,15,INSS,8,35,55,3.1,95,3,Não,28
180,1,1,5716,R$3.000-6.000,Não,,1,1.56,0,,57,39,21,3.1,66,22,Não,13
181,6,8,4409,R$3.000-6.000,Não,,0,2.8,15,Acidente,8,20,34,2.7,79,13,Não,2
182,2,5,2461,Ate R$3.000,Não,,3,2.92,0,,10,5,36,3.2,90,26,Não,14
183,7,9,7089,R$6.000-10.000,Não,,1,3.04,10,Acidente,54,-5,23,3.1,62,9,Não,6
184,7,4,2063,Ate R$3.000,Não,,3,4.39,5,INSS,2,22,38,3.4,83,35,Não,21
185,10,9,9685,R$6.000-10.000,Não,,1,3.63,15,Licença Médica,38,-12,51,2.7,81,30,Não,6
186,7,5,2343,Ate R$3.000,Não,,1,4.4,5,INSS,34,0,13,3.4,52,6,Não,25
187,2,9,7194,R$6.000-10.000,Não,,3,3.13,2,Acidente,10,4,41,3.0,71,9,Não,27
188,1,3,3896,R$3.000-6.000,Não,,1,1.83,5,INSS,40,39,11,3.6,89,0,Não,18
189,2,5,3109,R$3.000-6.000,Não,,6,2.5,5,Licença Médica,30,24,45,4.0,75,19,Não,17
190,2,9,9364,R$6.000-10.000,Não,,3,3.28,10,Acidente,15,31,32,2.7,72,39,Não,26
191,7,9,10861,R$10.000-15.000,Não,,2,3.7,10,Acidente,30,11,20,2.1,100,38,Não,14
192,9,7,20744,Acima de R$15.000,Não,,5,0.48,0,,25,24,52,3.1,74,12,Não,12
193,7,5,2219,Ate R$3.000,Não,,1,4.79,2,INSS,46,-10,35,3.3,63,26,Não,10
194,7,9,7266,R$6.000-10.000,Não,,3,1.16,0,,5,32,33,2.8,90,15,Não,24
195,9,1,5246,R$3.000-6.000,Não,,2,3.98,15,INSS,56,9,37,3.2,73,16,Não,2
196,2,5,2368,Ate R$3.000,Não,,0,1.31,10,INSS,44,6,42,2.3,60,0,Não,11
197,10,1,5806,R$3.000-6.000,Não,,4,4.7,0,,3,18,57,4.2,68,25,Não,15
198,2,5,2300,Ate R$3.000,Não,,1,0.66,5,Licença Médica,10,-9,39,2.8,65,26,Não,6
199,5,1,6911,R$6.000-10.000,Não,,3,2.12,2,Acidente,28,23,15,3.0,58,24,Não,22
200,2,9,10322,R$10.000-15.000,Não,,1,5.73,15,Licença Médica,30,7,38,3.8,81,14,Não,2
201,7,9,9381,R$6.000-10.000,Não,,0,0.08,2,Acidente,28,20,31,3.1,100,23,Não,16
202,6,8,2970,Ate R$3.000,Não,,1,1.91,2,Licença Médica,15,7,27,3.9,83,27,Não,18
203,10,9,8089,R$6.000-10.000,Não,,4,3.17,15,INSS,31,18,35,3.5,72,13,Não,21
204,6,8,3209,R$3.000-6.000,Não,,3,2.68,2,Acidente,42,7,57,3.8,80,34,Não,27
205,5,7,18375,Acima de R$15.000,Não,,1,1.72,0,,54,2,36,4.2,62,17,Não,23
206,6,6,14731,R$10.000-15.000,Não,,2,3.69,5,Licença Médica,49,-15,20,3.0,84,37,Não,5
207,7,5,3195,R$3.000-6.000,Não,,2,1.93,0,,2,2,28,2.7,89,24,Não,15
208,7,4,1947,Ate R$3.000,Não,,2,2.14,0,,18,40,18,3.1,58,30,Não,14
209,10,8,4189,R$3.000-6.000,Não,,1,5.6,0,,25,15,22,2.4,87,11,Não,4
210,7,4,2333,Ate R$3.000,Não,,4,2.6,15,Licença Médica,1,14,27,3.6,58,10,Não,21
211,10,8,4290,R$3.000-6.000,Não,,0,3.95,0,,58,26,49,2.9,87,7,Não,17
212,10,9,10454,R$10.000-15.000,Não,,1,2.79,15,INSS,44,5,57,3.4,73,20,Não,21
213,6,9,7378,R$6.000-10.000,Não,,2,3.5,0,,50,2,50,3.3,85,10,Não,9
214,2,5,2516,Ate R$3.000,Não,,0,6.18,5,Acidente,36,29,23,3.4,83,14,Não,14
215,9,7,21848,Acima de R$15.000,Não,,1,2.7,0,,54,-3,16,2.5,91,28,Não,22
216,2,4,2524,Ate R$3.000,Não,,4,2.69,5,Licença Médica,13,-16,29,3.1,81,15,Não,18
217,7,4,2115,Ate R$3.000,Não,,2,4.02,10,INSS,56,34,45,2.5,71,5,Não,29
218,7,9,10253,R$10.000-15.000,Não,,4,2.64,5,Licença Médica,23,-20,13,3.0,81,28,Não,20
219,2,4,2025,Ate R$3.000,Não,,1,0.76,0,,11,34,26,3.5,60,37,Não,13
220,6,6,11060,R$10.000-15.000,Não,,2,1.52,0,,21,38,32,3.9,59,6,Não,11
221,2,9,9847,R$6.000-10.000,Não,,2,4.59,0,,44,12,32,1.8,64,22,Não,25
222,7,9,7805,R$6.000-10.000,Não,,1,3.92,0,,25,13,42,3.9,97,40,Não,8
223,1,9,10168,R$10.000-15.000,Não,,3,1.5,15,INSS,30,6,37,2.6,86,16,Não,13
224,2,5,2626,Ate R$3.000,Não,,1,0.07,2,INSS,35,3,46,3.5,88,1,Não,24
225,7,4,1913,Ate R$3.000,Não,,3,3.33,15,Licença Médica,16,-6,36,2.9,87,14,Não,27
226,7,9,11000,R$10.000-15.000,Não,,5,0.62,0,,25,15,25,2.8,73,23,Não,28
227,6,8,4157,R$3.000-6.000,Não,,4,2.11,15,INSS,9,9,58,3.1,71,11,Não,25
228,2,4,2495,Ate R$3.000,Sim,Desligamento sem Justa Causa,3,3.26,0,,33,23,55,4.5,60,5,Não,12
229,1,1,4642,R$3.000-6.000,Não,,2,4.15,15,Acidente,51,-4,35,3.8,70,20,Não,7
230,10,9,10806,R$10.000-15.000,Não,,1,1.71,0,,23,1,13,4.0,76,17,Não,4
231,7,4,2111,Ate R$3.000,Não,,4,2.85,15,Licença Médica,5,9,48,2.8,79,19,Não,23
232,10,8,4071,R$3.000-6.000,Não,,3,3.42,0,,37,-9,57,3.3,77,26,Não,9
233,2,5,2886,Ate R$3.000,Não,,2,4.57,10,Acidente,25,3,17,3.2,96,29,Não,11
234,7,9,8274,R$6.000-10.000,Não,,0,2.56,5,Licença Médica,10,-13,27,4.1,85,4,Não,25
235,2,4,2538,Ate R$3.000,Não,,0,2.3,2,INSS,2,19,18,4.2,95,31,Não,14
236,3,3,3509,R$3.000-6.000,Não,,0,2.56,0,,51,8,30,3.3,78,26,Não,6
237,7,9,7098,R$6.000-10.000,Não,,4,2.48,5,INSS,29,12,16,4.1,76,40,Não,7
238,1,9,8443,R$6.000-10.000,Não,,3,2.95,10,Acidente,56,-7,13,2.4,85,28,Não,8
239,7,5,3118,R$3.000-6.000,Não,,1,2.31,0,,41,3,49,2.3,84,30,Não,14
240,10,9,7706,R$6.000-10.000,Não,,1,4.11,15,Licença Médica,54,34,30,3.3,73,3,Não,30
241,3,1,4518,R$3.000-6.000,Não,,2,2.71,5,Licença Médica,52,-11,41,2.1,67,40,Não,12
242,7,5,2344,Ate R$3.000,Não,,2,4.84,0,,37,15,59,2.6,79,32,Não,12
243,6,8,3782,R$3.000-6.000,Não,,1,1.35,0,,42,26,15,4.7,56,28,Não,18
244,2,4,2396,Ate R$3.000,Não,,1,2.41,15,Licença Médica,41,21,51,3.2,72,19,Não,8
245,7,9,10780,R$10.000-15.000,Não,,1,2.22,10,Acidente,35,-16,27,3.6,85,18,Não,11
246,7,5,2721,Ate R$3.000,Não,,3,3.06,0,,34,-3,48,3.1,63,28,Não,17
247,3,1,5921,R$3.000-6.000,Não,,2,2.19,15,Licença Médica,33,1,40,3.1,79,22,Não,15
248,6,9,8131,R$6.000-10.000,Não,,2,0.58,2,INSS,14,34,43,2.7,94,5,Não,17
249,2,5,2430,Ate R$3.000,Não,,1,4.58,0,,43,-8,28,3.5,56,20,Não,23
250,3,7,18164,Acima de R$15.000,Não,,0,-0.12,0,,2,20,11,3.2,55,12,Não,19
251,7,9,9740,R$6.000-10.000,Não,,2,3.82,0,,21,14,12,3.0,88,4,Não,25
252,2,9,8574,R$6.000-10.000,Não,,0,2.69,15,Licença Médica,9,-15,47,4.8,76,1,Sim,21
253,6,6,14826,R$10.000-15.000,Não,,2,4.85,0,,28,33,47,3.3,68,34,Não,1
254,3,1,6082,R$6.000-10.000,Não,,3,2.85,5,Licença Médica,15,-12,38,2.9,56,38,Não,3
255,2,4,2190,Ate R$3.000,Não,,1,2.51,0,,32,30,11,2.4,67,17,Não,29
256,6,9,7386,R$6.000-10.000,Não,,2,3.81,0,,1,-13,14,3.4,73,14,Não,26
257,7,4,2116,Ate R$3.000,Não,,1,3.38,5,INSS,46,30,30,3.7,95,19,Não,7
258,4,6,14815,R$10.000-15.000,Não,,2,1.88,5,INSS,28,36,36,3.3,78,23,Não,12
259,7,9,9970,R$6.000-10.000,Não,,0,4.77,15,INSS,27,-18,15,3.6,61,5,Não,20
260,8,1,5481,R$3.000-6.000,Não,,0,1.48,0,,1,-11,44,3.9,78,23,Não,27
261,7,9,8098,R$6.000-10.000,Não,,2,3.97,0,,53,-14,58,3.6,74,25,Não,0
262,7,9,7438,R$6.000-10.000,Não,,1,2.5,2,Licença Médica,6,22,54,2.6,74,36,Não,20
263,2,4,2460,Ate R$3.000,Não,,4,3.1,15,Acidente,15,30,50,4.6,41,18,Não,26
264,1,3,2899,Ate R$3.000,Não,,1,3.96,0,,54,-15,51,2.6,73,28,Não,14
265,10,1,6802,R$6.000-10.000,Não,,0,2.95,0,,48,34,23,3.5,77,32,Não,27
266,7,5,2585,Ate R$3.000,Não,,2,3.86,0,,53,-12,11,3.0,82,40,Não,11
267,7,9,10638,R$10.000-15.000,Sim,Desligamento sem Justa Causa,2,2.36,0,,17,28,51,2.2,58,11,Não,16
268,6,6,15920,Acima de R$15.000,Sim,Desligamento sem Justa Causa,2,3.29,5,Acidente,25,-2,32,2.7,64,26,Não,7
269,6,6,15619,Acima de R$15.000,Não,,3,3.61,0,,49,22,32,3.0,84,32,Não,10
270,6,8,4009,R$3.000-6.000,Não,,3,2.39,10,INSS,12,-14,49,3.5,92,24,Não,12
271,2,5,2903,Ate R$3.000,Não,,1,3.88,0,,58,-10,39,2.6,74,3,Não,4
272,9,7,18013,Acima de R$15.000,Não,,1,2.09,0,,11,11,60,3.1,88,1,Não,23
273,7,5,2798,Ate R$3.000,Não,,1,3.07,0,,39,23,45,3.1,69,27,Não,12
274,6,6,13775,R$10.000-15.000,Não,,3,4.42,10,INSS,51,19,50,2.7,84,26,Não,2
275,7,4,2412,Ate R$3.000,Não,,2,3.16,0,,4,-16,43,3.8,82,21,Não,6
276,7,9,9764,R$6.000-10.000,Não,,0,3.97,10,Licença Médica,59,3,57,3.3,78,8,Não,7
277,6,9,10161,R$10.000-15.000,Não,,0,4.28,5,INSS,58,8,32,3.4,79,13,Não,14
278,2,4,2387,Ate R$3.000,Não,,2,3.51,2,INSS,22,16,43,3.3,88,19,Não,24
279,7,5,3002,R$3.000-6.000,Não,,1,1.27,15,Licença Médica,10,3,36,3.1,79,19,Não,24
280,7,4,2533,Ate R$3.000,Não,,2,-0.14,5,INSS,2,37,57,3.4,79,23,Não,12
281,2,9,10850,R$10.000-15.000,Não,,1,3.02,2,INSS,31,10,52,3.8,76,36,Não,4
282,6,9,10300,R$10.000-15.000,Não,,2,4.26,0,,43,23,21,3.1,68,2,Não,20
283,6,6,15466,Acima de R$15.000,Não,,1,1.49,2,INSS,9,-4,52,3.7,66,30,Não,1
284,3,1,4728,R$3.000-6.000,Não,,0,0.95,5,Licença Médica,35,1,33,3.7,86,0,Não,17
285,4,3,2917,Ate R$3.000,Não,,2,2.37,10,INSS,39,18,56,4.1,72,25,Não,24
286,8,6,14806,R$10.000-15.000,Sim,Pedido de Demissão,2,2.34,0,,27,2,16,4.0,52,33,Não,9
287,6,8,3123,R$3.000-6.000,Sim,Desligamento sem Justa Causa,2,2.06,2,Licença Médica,17,9,31,3.1,82,2,Não,4
288,9,7,22988,Acima de R$15.000,Não,,3,3.55,0,,11,31,42,2.6,66,39,Não,4
289,7,4,2201,Ate R$3.000,Não,,1,1.88,5,INSS,8,-13,46,2.8,87,26,Não,27
290,10,9,9825,R$6.000-10.000,Não,,0,2.48,5,Licença Médica,16,26,55,4.0,78,7,Não,9
291,6,8,2855,Ate R$3.000,Não,,0,1.94,10,INSS,11,31,40,3.7,75,37,Não,10
292,8,7,21335,Acima de R$15.000,Não,,1,4.72,0,,21,4,33,2.9,75,16,Não,1
293,2,4,2564,Ate R$3.000,Não,,4,2.73,2,INSS,59,14,56,2.7,80,38,Não,6
294,6,6,14738,R$10.000-15.000,Não,,2,3.87,0,,38,-1,25,2.2,87,16,Não,15
295,3,7,17401,Acima de R$15.000,Sim,Fim de Contrato,1,4.08,0,,37,35,14,3.2,58,17,Não,15
296,6,9,10509,R$10.000-15.000,Não,,0,1.62,5,INSS,21,18,46,3.8,93,33,Não,10
297,6,8,3867,R$3.000-6.000,Não,,3,3.11,10,INSS,53,38,58,3.1,95,35,Não,30
298,6,9,7261,R$6.000-10.000,Não,,2,2.21,10,Licença Médica,5,24,19,3.9,100,6,Não,13
299,7,4,2228,Ate R$3.000,Não,,3,2.95,0,,36,-5,42,3.7,80,11,Não,1
300,8,6,14664,R$10.000-15.000,Não,,2,1.45,0,,12,-10,33,3.8,100,5,Não,28
301,7,4,2526,Ate R$3.000,Não,,2,3.28,0,,42,-18,27,3.7,53,40,Não,13
302,7,4,2578,Ate R$3.000,Não,,0,1.98,5,INSS,35,-5,55,2.9,65,15,Não,23
303,7,9,7750,R$6.000-10.000,Não,,1,-0.39,5,Licença Médica,32,23,38,3.3,67,16,Não,7
304,2,4,2289,Ate R$3.000,Não,,1,-0.77,2,Acidente,10,3,57,4.7,81,37,Não,28
305,6,6,11712,R$10.000-15.000,Não,,3,3.72,15,Acidente,59,-18,20,2.7,64,14,Não,12
306,1,1,5309,R$3.000-6.000,Não,,3,2.01,0,,49,-17,21,2.9,56,21,Não,19
307,7,5,2949,Ate R$3.000,Sim,Fim de Contrato,2,2.04,15,Licença Médica,23,21,37,3.7,83,28,Não,10
308,7,5,3048,R$3.000-6.000,Não,,2,0.48,0,,13,-12,29,3.0,91,18,Não,3
309,7,4,2270,Ate R$3.000,Não,,1,1.59,15,Licença Médica,40,-13,42,3.0,64,1,Não,29
310,2,5,3032,R$3.000-6.000,Não,,2,1.12,0,,9,20,32,3.2,63,6,Não,23
311,7,4,2419,Ate R$3.000,Não,,1,0.96,10,Licença Médica,5,-5,60,2.9,80,39,Não,5
312,6,8,3179,R$3.000-6.000,Não,,1,2.11,0,,9,-8,10,3.1,64,4,Não,15
313,7,9,7521,R$6.000-10.000,Sim,Fim de Contrato,0,3.54,2,INSS,44,10,26,2.6,59,10,Não,19
314,8,1,6280,R$6.000-10.000,Não,,2,2.98,0,,35,-2,56,4.3,81,37,Não,26
315,6,6,13755,R$10.000-15.000,Não,,1,4.58,10,Licença Médica,20,8,20,3.7,59,15,Não,29
316,5,1,5167,R$3.000-6.000,Não,,1,3.37,0,,25,38,50,3.1,64,1,Não,5
317,7,5,2473,Ate R$3.000,Sim,Desligamento sem Justa Causa,0,4.72,10,Licença Médica,40,19,51,3.2,60,17,Não,29
318,2,4,2576,Ate R$3.000,Não,,3,4.48,10,Licença Médica,27,17,56,3.7,79,29,Não,11
319,3,9,9873,R$6.000-10.000,Não,,2,2.8,2,Licença Médica,19,1,22,4.0,80,8,Não,0
320,2,9,9110,R$6.000-10.000,Não,,7,1.73,2,Acidente,16,-6,51,3.8,88,37,Não,13
321,2,5,3065,R$3.000-6.000,Não,,4,3.78,0,,28,-18,47,3.6,58,13,Não,3
322,2,4,2010,Ate R$3.000,Sim,Fim de Contrato,2,3.73,0,,9,-19,32,2.5,63,22,Não,26
323,3,3,3216,R$3.000-6.000,Não,,2,4.42,0,,26,-10,21,2.8,100,17,Não,29
324,2,4,2382,Ate R$3.000,Não,,3,2.57,15,Licença Médica,11,4,25,5.0,57,14,Sim,25
325,7,5,2646,Ate R$3.000,Não,,3,3.02,0,,46,11,24,3.2,61,12,Não,27
326,7,9,10300,R$10.000-15.000,Sim,Fim de Contrato,1,0.6,2,Licença Médica,23,32,23,3.4,94,9,Não,21
327,7,9,9379,R$6.000-10.000,Não,,2,3.92,10,Licença Médica,40,23,31,3.0,67,23,Não,18
328,2,5,2946,Ate R$3.000,Não,,0,1.58,15,INSS,21,-18,44,2.6,100,32,Não,20
329,8,7,17481,Acima de R$15.000,Não,,2,5.01,5,Licença Médica,56,13,47,3.5,59,25,Não,17
330,6,6,14756,R$10.000-15.000,Não,,1,1.02,5,Acidente,31,23,54,3.1,68,28,Não,3
331,7,9,10574,R$10.000-15.000,Não,,2,2.08,0,,1,18,19,2.1,32,37,Não,13
332,1,9,10856,R$10.000-15.000,Não,,1,5.65,15,INSS,54,24,35,2.8,80,21,Não,27
333,9,1,4941,R$3.000-6.000,Não,,0,4.41,15,INSS,45,15,59,2.0,85,23,Não,26
334,4,1,6091,R$6.000-10.000,Não,,1,2.94,0,,14,33,15,3.1,71,12,Não,21
335,8,1,4537,R$3.000-6.000,Não,,6,2.48,5,INSS,26,3,15,1.8,97,24,Não,0
336,2,5,2643,Ate R$3.000,Não,,1,2.05,0,,48,25,51,3.9,85,14,Não,0
337,10,9,9121,R$6.000-10.000,Não,,2,1.89,0,,23,14,55,4.5,73,20,Não,9
338,8,7,23957,Acima de R$15.000,Não,,1,5.35,0,,54,37,26,3.1,87,25,Não,21
339,6,6,13411,R$10.000-15.000,Não,,1,0.63,5,Licença Médica,0,9,22,4.5,78,18,Sim,6
340,7,4,2025,Ate R$3.000,Não,,1,2.74,0,,21,5,15,3.5,54,8,Não,17
341,6,6,11051,R$10.000-15.000,Não,,0,2.62,0,,4,-11,49,5.0,64,14,Não,4
342,7,4,2470,Ate R$3.000,Não,,1,2.79,15,INSS,52,40,38,2.9,83,25,Não,3
343,2,5,2799,Ate R$3.000,Não,,6,3.39,2,Licença Médica,21,23,25,3.6,62,32,Não,12
344,3,7,22672,Acima de R$15.000,Não,,1,1.94,15,Acidente,37,2,54,3.8,83,31,Não,12
345,6,8,3920,R$3.000-6.000,Não,,2,5.34,10,Licença Médica,55,-16,47,3.3,65,33,Não,25
346,1,9,7011,R$6.000-10.000,Não,,6,1.26,5,Acidente,25,-12,22,3.4,64,1,Não,6
347,7,4,2157,Ate R$3.000,Não,,2,3.36,5,Acidente,46,-17,39,2.4,54,19,Não,2
348,7,5,2309,Ate R$3.000,Não,,3,3.29,0,,35,17,31,3.9,77,33,Não,18
349,1,1,5531,R$3.000-6.000,Não,,2,4.48,2,Licença Médica,15,-5,27,3.7,65,17,Não,0
350,5,1,5246,R$3.000-6.000,Não,,1,2.7,0,,57,8,25,3.3,60,11,Não,16
351,1,9,10100,R$10.000-15.000,Não,,3,1.48,0,,7,9,59,3.6,92,22,Não,26
352,7,4,2077,Ate R$3.000,Não,,4,1.67,0,,33,38,16,2.9,62,22,Não,23
353,4,3,4023,R$3.000-6.000,Não,,2,2.16,0,,8,2,49,3.5,69,2,Não,2
354,2,9,8170,R$6.000-10.000,Não,,3,2.28,0,,2,-8,42,3.3,69,4,Não,4
355,7,9,9212,R$6.000-10.000,Sim,Desligamento sem Justa Causa,1,1.38,0,,3,39,28,4.1,67,0,Não,7
356,7,4,2235,Ate R$3.000,Não,,2,3.04,0,,37,23,46,2.7,76,25,Não,30
357,10,1,5091,R$3.000-6.000,Não,,3,4.38,10,Licença Médica,24,34,60,3.2,85,12,Não,14
358,10,1,5209,R$3.000-6.000,Não,,4,2.55,0,,0,-20,28,3.4,83,32,Não,3
359,2,9,7797,R$6.000-10.000,Sim,Pedido de Demissão,2,1.97,0,,27,4,40,2.8,70,36,Não,26
360,7,4,2020,Ate R$3.000,Não,,1,1.07,15,Acidente,42,32,56,3.7,77,0,Não,2
361,2,5,2857,Ate R$3.000,Não,,3,0.69,0,,13,-19,51,3.1,80,12,Não,7
362,7,9,9538,R$6.000-10.000,Não,,1,1.23,0,,30,27,31,3.9,58,3,Não,24
363,7,5,2440,Ate R$3.000,Não,,4,4.01,10,Acidente,25,31,44,3.4,73,32,Não,18
364,8,6,12792,R$10.000-15.000,Não,,3,3.33,15,Acidente,43,-14,21,3.0,74,30,Não,21
365,7,9,10790,R$10.000-15.000,Não,,2,1.34,5,Acidente,2,23,54,3.8,73,29,Não,11
366,6,6,11755,R$10.000-15.000,Não,,0,1.31,15,INSS,1,9,38,3.6,78,25,Não,18
367,1,9,9458,R$6.000-10.000,Não,,5,2.28,5,Licença Médica,52,-9,20,3.1,67,1,Não,17
368,7,5,2713,Ate R$3.000,Não,,2,4.72,10,INSS,50,33,17,3.0,64,1,Não,5
369,2,5,2270,Ate R$3.000,Não,,1,4.85,5,Licença Médica,41,0,55,3.2,83,2,Não,17
370,7,5,2904,Ate R$3.000,Não,,2,2.29,0,,11,-8,37,3.0,69,0,Não,18
371,10,8,4177,R$3.000-6.000,Não,,1,0.51,0,,27,37,43,2.5,72,14,Não,9
372,10,8,3900,R$3.000-6.000,Não,,2,3.49,2,Acidente,58,40,10,2.7,71,25,Não,25
373,6,8,3635,R$3.000-6.000,Não,,1,0.49,0,,3,-3,32,3.3,70,20,Não,10
374,5,7,22119,Acima de R$15.000,Não,,3,2.67,2,Acidente,31,40,60,2.9,91,9,Não,5
375,2,4,1958,Ate R$3.000,Não,,2,3.65,0,,58,34,40,3.3,64,18,Não,29
376,2,9,8417,R$6.000-10.000,Não,,4,2.82,2,Licença Médica,27,16,27,4.1,83,25,Não,16
377,10,8,3118,R$3.000-6.000,Sim,Pedido de Demissão,5,4.95,0,,23,-2,56,3.7,61,11,Não,20
378,6,9,7120,R$6.000-10.000,Não,,2,3.93,0,,33,1,27,2.0,100,34,Não,16
379,10,1,6791,R$6.000-10.000,Não,,1,2.49,0,,53,-13,40,3.9,69,11,Não,15
380,7,9,10820,R$10.000-15.000,Sim,Desligamento sem Justa Causa,4,2.71,10,Acidente,38,37,51,4.6,80,12,Não,11
381,2,5,2758,Ate R$3.000,Não,,9,3.86,10,INSS,35,4,36,3.5,81,26,Não,19
382,7,5,2900,Ate R$3.000,Não,,4,1.41,2,Licença Médica,8,34,35,3.4,59,32,Não,30
383,7,5,2380,Ate R$3.000,Não,,2,2.03,2,Licença Médica,6,16,30,2.9,77,3,Não,1
384,6,8,3719,R$3.000-6.000,Não,,1,1.58,15,INSS,13,-9,58,3.3,93,29,Não,30
385,2,4,2568,Ate R$3.000,Não,,2,1.43,15,Licença Médica,50,30,53,3.7,69,34,Não,22
386,6,9,10231,R$10.000-15.000,Não,,0,2.86,5,INSS,59,4,49,2.7,65,31,Não,23
387,2,4,2547,Ate R$3.000,Não,,6,2.23,5,Licença Médica,26,3,42,3.4,71,15,Não,7
388,6,8,3841,R$3.000-6.000,Não,,4,6.22,5,Acidente,48,8,31,3.4,77,12,Não,27
389,1,9,7672,R$6.000-10.000,Não,,1,2.54,10,INSS,26,-11,38,3.4,83,5,Não,28
390,7,5,3115,R$3.000-6.000,Não,,2,3.16,0,,16,21,57,2.7,65,7,Não,8
391,2,4,2385,Ate R$3.000,Não,,3,1.57,0,,39,23,57,2.2,64,14,Não,28
392,7,5,2319,Ate R$3.000,Sim,Fim de Contrato,2,4.48,2,Acidente,14,7,25,2.9,79,40,Não,21
393,7,9,9110,R$6.000-10.000,Não,,2,3.49,2,INSS,2,17,13,2.7,78,23,Não,30
394,6,8,3119,R$3.000-6.000,Não,,1,2.98,15,INSS,36,2,10,2.8,80,1,Não,25
395,1,1,5488,R$3.000-6.000,Não,,1,2.45,2,Acidente,11,8,42,4.4,75,37,Não,12
396,7,9,7097,R$6.000-10.000,Não,,4,5.3,0,,18,13,43,2.8,68,24,Não,28
397,2,9,7782,R$6.000-10.000,Não,,1,2.09,0,,9,34,11,4.0,73,2,Não,6
398,7,9,10331,R$10.000-15.000,Não,,1,2.53,5,Licença Médica,27,12,21,2.6,60,1,Não,26
399,7,5,2285,Ate R$3.000,Não,,2,0.72,10,INSS,2,21,28,2.1,84,7,Não,6
400,2,4,2563,Ate R$3.000,Não,,3,1.19,15,Licença Médica,47,-7,37,3.1,82,1,Não,24
401,7,4,2074,Ate R$3.000,Não,,3,2.3,5,Acidente,27,17,34,2.8,75,21,Não,15
402,6,9,9534,R$6.000-10.000,Não,,2,1.89,5,Licença Médica,27,25,49,2.8,63,13,Não,11
403,10,1,5796,R$3.000-6.000,Não,,1,2.56,15,Licença Médica,25,-1,56,2.6,77,17,Não,0
404,7,4,1977,Ate R$3.000,Não,,2,2.2,2,INSS,39,18,38,2.9,71,23,Não,21
405,10,9,10454,R$10.000-15.000,Não,,3,0.12,0,,9,15,39,2.6,53,24,Não,1
406,7,5,3141,R$3.000-6.000,Não,,2,2.46,10,Licença Médica,41,-7,30,4.3,74,7,Sim,2
407,2,4,2261,Ate R$3.000,Não,,1,2.01,15,Acidente,34,-15,53,3.7,57,24,Não,14
408,10,1,6286,R$6.000-10.000,Não,,2,2.44,15,Licença Médica,30,17,35,3.7,76,1,Não,22
409,8,1,5795,R$3.000-6.000,Não,,3,3.0,2,Licença Médica,39,-8,45,3.3,100,38,Não,1
410,7,5,2332,Ate R$3.000,Não,,2,1.81,2,Licença Médica,51,-14,47,2.5,67,36,Não,28
411,10,1,6282,R$6.000-10.000,Não,,3,5.0,0,,49,12,50,2.7,76,35,Não,27
412,6,6,14996,R$10.000-15.000,Não,,2,4.34,0,,44,-4,49,3.9,73,12,Não,19
413,1,3,3517,R$3.000-6.000,Não,,0,1.79,0,,11,-15,15,4.4,100,32,Não,29
414,7,9,9812,R$6.000-10.000,Não,,1,2.55,0,,18,21,54,4.0,50,15,Não,21
415,4,3,3155,R$3.000-6.000,Não,,0,1.48,0,,0,33,23,3.0,74,39,Não,22
416,7,4,2519,Ate R$3.000,Não,,3,1.95,5,Acidente,22,-14,43,2.9,81,11,Não,22
417,7,4,2432,Ate R$3.000,Não,,2,3.68,15,INSS,22,31,32,3.7,62,21,Não,3
418,8,1,5616,R$3.000-6.000,Não,,3,2.89,0,,34,34,53,3.1,82,1,Não,28
419,2,4,2329,Ate R$3.000,Não,,2,3.57,0,,31,-3,49,3.2,75,9,Não,25
420,2,5,2372,Ate R$3.000,Sim,Desligamento sem Justa Causa,1,1.43,0,,23,13,18,4.4,100,5,Não,17
421,1,1,5796,R$3.000-6.000,Não,,2,1.81,0,,59,-20,18,3.0,63,30,Não,8
422,7,4,2276,Ate R$3.000,Sim,Pedido de Demissão,5,3.43,0,,8,27,23,4.0,90,2,Não,16
423,7,5,2735,Ate R$3.000,Não,,2,3.16,0,,21,-8,45,4.1,67,18,Não,10
424,2,5,2866,Ate R$3.000,Não,,4,2.66,0,,26,25,46,4.3,79,20,Sim,13
425,10,9,9306,R$6.000-10.000,Não,,4,4.71,10,Acidente,59,-13,14,2.7,79,6,Não,30
426,7,5,2209,Ate R$3.000,Não,,4,3.38,2,INSS,40,12,30,3.2,73,15,Não,14
427,6,8,3121,R$3.000-6.000,Sim,Pedido de Demissão,1,2.19,15,Licença Médica,37,-10,10,3.2,72,24,Não,9
428,2,4,2481,Ate R$3.000,Não,,1,2.35,0,,16,12,52,3.6,74,26,Não,28
429,7,4,2587,Ate R$3.000,Não,,2,3.43,0,,31,5,49,2.5,79,0,Não,25
430,7,5,2666,Ate R$3.000,Não,,4,4.19,0,,58,-9,17,2.9,89,14,Não,25
431,2,9,8622,R$6.000-10.000,Não,,2,3.52,0,,17,2,57,4.3,53,18,Sim,9
432,7,9,8500,R$6.000-10.000,Sim,Fim de Contrato,1,2.19,10,Licença Médica,16,35,16,3.0,84,33,Não,30
433,10,8,3103,R$3.000-6.000,Não,,2,1.85,2,Acidente,20,-1,22,3.4,87,40,Não,25
434,7,5,2697,Ate R$3.000,Não,,6,2.76,2,Licença Médica,35,1,46,3.6,81,7,Não,15
435,3,9,8523,R$6.000-10.000,Não,,0,2.97,15,Acidente,42,-16,54,3.5,78,5,Não,27
436,6,8,4400,R$3.000-6.000,Não,,1,3.9,5,Acidente,37,-4,26,3.1,75,10,Não,19
437,2,5,2556,Ate R$3.000,Não,,1,4.88,0,,51,-10,57,2.1,65,32,Não,18
438,2,5,3162,R$3.000-6.000,Não,,2,2.45,10,INSS,38,21,14,2.6,68,20,Não,25
439,4,3,2864,Ate R$3.000,Sim,Desligamento sem Justa Causa,2,4.18,0,,20,37,30,3.9,74,15,Não,5
440,10,9,9774,R$6.000-10.000,Não,,1,3.28,10,Licença Médica,57,-12,13,3.3,71,38,Não,23
441,7,5,2818,Ate R$3.000,Não,,1,4.11,0,,40,3,48,3.5,87,20,Não,29
442,7,4,2357,Ate R$3.000,Não,,1,3.7,0,,2,3,33,3.7,85,16,Não,7
443,10,9,9164,R$6.000-10.000,Não,,3,4.09,5,Licença Médica,20,15,12,3.2,68,40,Não,23
444,10,1,6961,R$6.000-10.000,Não,,1,0.64,10,Licença Médica,26,-7,29,4.1,70,12,Não,2
445,2,5,2651,Ate R$3.000,Não,,2,4.86,10,Acidente,46,-10,36,2.9,66,13,Não,21
446,9,1,6316,R$6.000-10.000,Não,,2,1.17,10,INSS,23,37,33,3.4,74,39,Não,24
447,2,9,8227,R$6.000-10.000,Não,,3,4.5,15,Acidente,43,-14,21,2.8,94,36,Não,17
448,7,9,8675,R$6.000-10.000,Não,,1,1.19,0,,2,32,29,3.0,59,38,Não,2
449,2,4,2008,Ate R$3.000,Não,,1,4.54,0,,56,-20,26,2.4,72,8,Não,19
450,2,5,2843,Ate R$3.000,Não,,1,5.52,0,,8,-8,13,3.7,73,35,Não,23
451,4,6,13030,R$10.000-15.000,Não,,3,4.16,2,INSS,36,18,37,4.2,85,0,Não,4
452,5,1,6163,R$6.000-10.000,Não,,6,2.05,0,,12,24,15,3.7,79,36,Não,4
453,10,8,4284,R$3.000-6.000,Não,,5,1.22,0,,25,30,25,3.1,63,12,Não,25
454,7,9,8817,R$6.000-10.000,Não,,1,1.97,0,,22,32,41,3.0,82,37,Não,2
455,4,1,6562,R$6.000-10.000,Não,,3,2.52,0,,19,7,43,3.3,74,0,Não,8
456,8,7,19316,Acima de R$15.000,Não,,2,2.91,0,,32,26,39,3.5,82,25,Não,18
457,10,1,6016,R$6.000-10.000,Não,,4,4.02,0,,19,-14,29,2.8,79,33,Não,2
458,10,1,5779,R$3.000-6.000,Não,,4,2.99,10,Acidente,22,36,59,2.7,87,36,Não,28
459,7,9,10093,R$10.000-15.000,Não,,1,4.1,15,INSS,49,33,47,2.4,81,20,Não,13
460,7,5,2808,Ate R$3.000,Não,,1,2.44,15,Acidente,38,25,35,3.5,83,30,Não,7
461,2,5,2837,Ate R$3.000,Não,,1,3.2,5,Acidente,34,32,59,3.1,38,7,Não,26
462,7,4,2573,Ate R$3.000,Não,,3,2.66,5,INSS,19,-7,23,4.3,67,5,Não,13
463,2,9,9608,R$6.000-10.000,Não,,2,1.83,0,,15,-1,31,3.1,88,22,Não,8
464,6,9,8499,R$6.000-10.000,Sim,Pedido de Demissão,1,0.44,10,INSS,16,-8,11,3.6,84,13,Não,23
465,2,9,8732,R$6.000-10.000,Sim,Desligamento sem Justa Causa,4,2.98,2,INSS,55,-6,47,4.4,70,23,Sim,7
466,2,5,2278,Ate R$3.000,Não,,1,2.38,0,,16,-12,22,2.7,44,5,Não,29
467,7,4,1946,Ate R$3.000,Não,,2,4.51,0,,6,-13,57,2.8,67,20,Não,10
468,6,8,4062,R$3.000-6.000,Não,,1,3.58,2,Acidente,18,-19,39,2.8,74,12,Não,29
469,8,1,6727,R$6.000-10.000,Não,,2,1.58,0,,19,40,27,3.4,70,0,Não,24
470,7,5,2796,Ate R$3.000,Não,,1,4.92,0,,43,35,39,2.6,78,21,Não,13
471,3,9,10291,R$10.000-15.000,Não,,1,3.78,10,Acidente,12,6,58,4.1,66,20,Não,0
472,8,7,19646,Acima de R$15.000,Não,,4,4.42,0,,14,1,47,3.2,81,6,Não,14
473,1,9,8583,R$6.000-10.000,Sim,Fim de Contrato,1,2.42,2,Acidente,5,12,32,3.2,96,12,Não,21
474,8,1,6597,R$6.000-10.000,Não,,3,4.16,2,INSS,48,15,58,2.0,68,33,Não,15
475,2,5,2993,Ate R$3.000,Não,,1,6.22,0,,30,14,49,3.0,90,32,Não,0
476,10,1,5025,R$3.000-6.000,Não,,0,3.71,15,Licença Médica,13,14,19,3.1,78,21,Não,8
477,10,9,7503,R$6.000-10.000,Não,,2,5.18,2,INSS,20,2,31,3.7,55,17,Não,7
478,7,9,10430,R$10.000-15.000,Não,,4,1.46,2,Licença Médica,12,-16,13,2.8,70,35,Não,26
479,7,4,2161,Ate R$3.000,Não,,2,2.64,15,INSS,28,4,31,3.7,71,17,Não,11
480,1,3,3639,R$3.000-6.000,Não,,2,2.09,5,INSS,9,13,23,4.2,60,18,Não,29
481,6,6,14959,R$10.000-15.000,Não,,1,3.74,0,,53,31,58,2.7,83,19,Não,15
482,7,5,2944,Ate R$3.000,Não,,2,6.85,0,,57,24,18,3.5,88,14,Não,6
483,10,8,4013,R$3.000-6.000,Não,,3,2.98,15,INSS,43,27,47,3.4,87,20,Não,16
484,7,5,2538,Ate R$3.000,Sim,Pedido de Demissão,3,3.72,2,Licença Médica,36,6,55,3.5,59,33,Não,0
485,10,1,6841,R$6.000-10.000,Não,,3,3.3,15,Acidente,34,10,42,3.2,83,6,Não,7
486,2,4,2100,Ate R$3.000,Não,,1,2.57,2,Acidente,36,15,17,3.1,65,8,Não,29
487,10,1,6343,R$6.000-10.000,Sim,Desligamento sem Justa Causa,2,3.69,15,Licença Médica,33,5,17,3.2,79,23,Não,15
488,7,9,10320,R$10.000-15.000,Não,,3,0.95,10,Acidente,21,-5,37,3.4,65,21,Não,17
489,6,6,14097,R$10.000-15.000,Não,,3,4.47,15,Licença Médica,58,-14,57,3.1,74,9,Não,23
490,7,5,2846,Ate R$3.000,Não,,1,4.61,15,Acidente,47,27,31,2.6,78,33,Não,29
491,7,4,2077,Ate R$3.000,Não,,2,3.62,10,Acidente,59,14,58,3.1,72,15,Não,7
492,6,6,14145,R$10.000-15.000,Não,,4,2.37,2,Acidente,37,13,32,2.4,61,24,Não,24
493,7,9,7358,R$6.000-10.000,Não,,3,1.97,0,,16,-4,39,3.1,92,25,Não,20
494,7,9,7804,R$6.000-10.000,Não,,2,1.52,5,Licença Médica,16,23,51,2.8,69,30,Não,1
495,2,9,7679,R$6.000-10.000,Não,,2,1.81,2,Acidente,10,28,31,3.6,88,25,Não,20
496,4,6,13762,R$10.000-15.000,Não,,2,2.65,10,Acidente,38,30,13,3.3,88,19,Não,25
497,4,1,5921,R$3.000-6.000,Não,,3,0.83,0,,3,1,29,3.2,81,15,Não,6
498,6,9,8301,R$6.000-10.000,Não,,1,2.36,5,Licença Médica,13,36,27,4.5,70,17,Não,12
499,6,9,9018,R$6.000-10.000,Não,,1,3.53,5,Acidente,15,40,54,3.9,50,29,Não,1
500,4,1,5119,R$3.000-6.000,Não,,1,2.94,15,Licença Médica,43,39,17,3.0,88,24,Não,30
501,7,9,7370,R$6.000-10.000,Não,,3,1.94,10,INSS,17,-15,37,4.6,69,35,Não,12
502,6,9,10931,R$10.000-15.000,Não,,5,1.37,0,,22,9,41,2.6,83,31,Não,25
503,1,1,5331,R$3.000-6.000,Não,,1,1.92,0,,9,37,34,2.8,62,4,Não,5
504,6,6,12360,R$10.000-15.000,Não,,4,3.78,15,Acidente,14,-1,38,3.3,75,21,Não,17
505,10,9,7192,R$6.000-10.000,Não,,1,2.13,5,Acidente,54,-2,54,3.1,85,25,Não,11
506,7,4,2576,Ate R$3.000,Não,,0,3.32,0,,21,8,41,4.7,70,32,Sim,4
507,8,6,13574,R$10.000-15.000,Não,,2,1.31,0,,35,-17,53,2.9,63,18,Não,1
508,7,5,2687,Ate R$3.000,Não,,4,1.22,0,,33,-6,60,2.8,57,23,Não,19
509,2,4,2269,Ate R$3.000,Não,,0,2.84,0,,3,-16,21,3.2,78,12,Não,23
510,1,3,4165,R$3.000-6.000,Não,,3,2.03,5,Acidente,20,5,41,2.6,91,9,Não,22
511,6,6,15063,Acima de R$15.000,Não,,2,2.53,15,Licença Médica,29,-6,55,4.5,66,2,Não,9
512,10,1,6032,R$6.000-10.000,Não,,0,2.45,15,Licença Médica,16,-2,40,2.5,61,8,Não,3
513,8,1,5721,R$3.000-6.000,Não,,2,1.29,0,,23,-16,39,3.9,69,0,Não,21
514,5,1,5422,R$3.000-6.000,Não,,2,2.22,10,Licença Médica,26,37,35,3.1,90,22,Não,5
515,6,6,14967,R$10.000-15.000,Não,,2,1.95,0,,44,-2,37,4.1,89,26,Não,12
516,8,6,13951,R$10.000-15.000,Não,,4,4.04,15,Licença Médica,26,-7,46,3.1,85,29,Não,6
517,7,5,2493,Ate R$3.000,Não,,1,0.92,0,,6,31,31,2.9,85,21,Não,20
518,10,8,4321,R$3.000-6.000,Não,,5,1.72,15,Licença Médica,22,19,51,2.7,57,26,Não,7
519,4,6,13850,R$10.000-15.000,Não,,2,2.88,0,,14,13,27,2.8,79,30,Não,26
520,2,5,2903,Ate R$3.000,Não,,0,3.51,0,,11,6,40,3.2,72,38,Não,14
521,10,1,6175,R$6.000-10.000,Não,,3,2.71,0,,17,-11,27,2.9,58,21,Não,18
522,6,8,3846,R$3.000-6.000,Não,,2,1.59,0,,35,35,17,4.4,86,17,Não,8
523,2,9,9156,R$6.000-10.000,Não,,3,3.33,0,,4,25,15,3.4,76,1,Não,28
524,10,8,2836,Ate R$3.000,Não,,4,3.92,2,Licença Médica,58,35,12,2.9,78,14,Não,28
525,4,1,6797,R$6.000-10.000,Não,,4,0.1,2,INSS,38,20,24,3.7,73,12,Não,9
526,7,4,2374,Ate R$3.000,Não,,2,4.01,2,Acidente,27,27,52,3.0,65,9,Não,8
527,2,4,2178,Ate R$3.000,Não,,3,3.4,2,Acidente,17,15,38,3.1,71,36,Não,16
528,2,9,9629,R$6.000-10.000,Não,,6,4.32,10,Acidente,47,-11,56,3.6,75,11,Não,0
529,10,8,2871,Ate R$3.000,Não,,0,4.66,2,INSS,18,10,15,3.7,99,3,Não,10
530,7,9,8436,R$6.000-10.000,Não,,0,4.1,15,Licença Médica,54,9,35,2.8,73,6,Não,6
531,6,6,14658,R$10.000-15.000,Não,,5,4.74,5,Licença Médica,51,6,18,2.8,50,4,Não,18
532,7,9,9087,R$6.000-10.000,Não,,3,2.87,0,,34,12,45,3.4,74,27,Não,15
533,2,5,3007,R$3.000-6.000,Não,,0,3.42,2,Licença Médica,55,18,19,3.5,80,35,Não,24
534,7,9,7827,R$6.000-10.000,Não,,3,1.71,2,Licença Médica,18,40,23,3.4,72,12,Não,8
535,6,8,3149,R$3.000-6.000,Não,,0,2.18,0,,49,4,18,2.9,72,38,Não,29
536,6,8,4153,R$3.000-6.000,Não,,5,2.19,2,Acidente,36,-7,43,2.5,80,10,Não,24
537,7,4,2422,Ate R$3.000,Não,,3,4.99,0,,33,8,34,3.3,69,12,Não,29
538,2,9,7174,R$6.000-10.000,Não,,0,3.34,2,Licença Médica,37,24,52,2.6,76,7,Não,6
539,2,9,10824,R$10.000-15.000,Não,,4,5.69,0,,59,24,58,3.0,61,16,Não,3
540,5,1,4715,R$3.000-6.000,Não,,1,2.67,0,,32,14,15,3.5,70,22,Não,6
541,6,6,13137,R$10.000-15.000,Não,,2,4.71,5,INSS,39,-3,55,2.8,71,9,Não,6
542,6,6,15082,Acima de R$15.000,Não,,5,1.42,0,,0,-8,33,3.9,54,39,Não,13
543,10,1,6316,R$6.000-10.000,Não,,1,2.33,15,Licença Médica,24,31,50,3.5,86,3,Não,12
544,2,5,2462,Ate R$3.000,Não,,4,5.14,15,Acidente,22,1,56,2.8,55,36,Não,23
545,7,4,1986,Ate R$3.000,Não,,2,4.29,0,,59,26,17,3.5,67,23,Não,17
546,6,8,4426,R$3.000-6.000,Não,,2,2.33,2,INSS,23,23,49,2.6,78,21,Não,17
547,6,6,11666,R$10.000-15.000,Não,,2,3.4,0,,34,28,19,3.4,91,1,Não,30
548,10,9,9501,R$6.000-10.000,Não,,0,2.98,5,Licença Médica,43,-10,24,3.1,75,33,Não,12
549,2,9,7376,R$6.000-10.000,Não,,1,3.87,2,INSS,55,-20,31,3.2,72,14,Não,25
550,4,3,3258,R$3.000-6.000,Não,,0,2.31,15,INSS,22,23,24,3.5,73,36,Não,26
551,7,9,8097,R$6.000-10.000,Não,,5,1.14,5,Acidente,2,5,36,3.9,83,37,Não,21
552,1,3,3426,R$3.000-6.000,Não,,4,3.83,2,Acidente,34,-4,16,3.3,85,16,Não,22
553,10,1,6744,R$6.000-10.000,Não,,2,4.14,0,,27,-20,23,4.5,70,7,Não,1
554,10,1,5643,R$3.000-6.000,Não,,3,2.57,10,Acidente,0,18,33,3.5,68,17,Não,2
555,7,9,10227,R$10.000-15.000,Não,,3,4.46,0,,52,-20,12,2.7,71,4,Não,24
556,7,4,1946,Ate R$3.000,Não,,2,1.73,15,Acidente,8,40,45,2.5,82,12,Não,15
557,3,3,3703,R$3.000-6.000,Sim,Pedido de Demissão,4,4.69,0,,49,34,50,2.9,75,22,Não,4
558,2,5,2804,Ate R$3.000,Não,,5,0.67,5,Acidente,21,37,12,3.8,60,8,Não,9
559,2,5,3103,R$3.000-6.000,Não,,1,2.48,0,,25,30,45,2.9,58,24,Não,28
560,7,5,2638,Ate R$3.000,Não,,1,5.35,5,INSS,60,31,38,3.4,89,11,Não,0
561,7,5,2342,Ate R$3.000,Não,,1,2.4,0,,48,-15,39,3.8,86,34,Não,16
562,2,5,3015,R$3.000-6.000,Não,,3,1.02,0,,31,-16,17,3.1,77,21,Não,9
563,3,1,6289,R$6.000-10.000,Não,,3,2.84,0,,36,35,48,3.2,71,33,Não,6
564,7,4,2442,Ate R$3.000,Sim,Pedido de Demissão,1,1.13,0,,4,9,20,3.7,77,40,Não,19
565,6,6,14545,R$10.000-15.000,Não,,3,4.31,5,Acidente,59,-15,11,2.8,82,23,Não,23
566,7,4,1947,Ate R$3.000,Não,,2,3.65,2,Licença Médica,35,30,51,3.3,53,4,Não,18
567,9,1,6656,R$6.000-10.000,Não,,3,2.28,0,,18,-10,33,3.6,79,23,Não,6
568,7,4,2108,Ate R$3.000,Não,,1,3.14,0,,35,35,59,3.6,68,19,Não,1
569,8,1,5646,R$3.000-6.000,Não,,1,4.35,0,,60,-2,16,3.8,79,35,Não,11
570,2,4,2130,Ate R$3.000,Não,,2,2.8,2,Licença Médica,60,14,35,2.3,73,4,Não,1
571,8,7,17956,Acima de R$15.000,Não,,1,4.97,0,,33,38,48,3.4,92,10,Não,13
572,8,7,17349,Acima de R$15.000,Não,,3,4.79,10,Acidente,54,15,30,3.2,74,39,Não,30
573,4,3,3938,R$3.000-6.000,Não,,3,3.23,0,,53,-2,43,2.9,79,37,Não,28
574,2,4,2483,Ate R$3.000,Não,,0,3.74,0,,27,6,28,3.4,64,25,Não,20
575,7,4,2346,Ate R$3.000,Não,,3,2.41,10,Acidente,31,35,60,3.6,83,2,Não,5
576,10,1,4520,R$3.000-6.000,Não,,3,4.71,2,Acidente,50,33,18,3.2,87,21,Não,0
577,2,4,2304,Ate R$3.000,Não,,3,3.02,0,,7,3,59,2.3,70,17,Não,12
578,6,9,8989,R$6.000-10.000,Não,,0,1.88,0,,56,32,43,3.1,87,37,Não,24
579,7,5,2438,Ate R$3.000,Não,,2,4.33,0,,34,1,37,2.7,85,37,Não,27
580,4,1,6454,R$6.000-10.000,Não,,2,2.76,0,,14,-7,16,3.2,74,9,Não,14
581,2,5,2640,Ate R$3.000,Não,,1,4.08,0,,58,3,20,2.9,76,23,Não,2
582,2,9,8593,R$6.000-10.000,Não,,0,2.74,5,Acidente,18,-14,15,3.8,89,3,Não,0
583,7,4,2064,Ate R$3.000,Não,,3,4.46,5,INSS,51,13,52,3.6,99,6,Não,16
584,2,4,2562,Ate R$3.000,Não,,0,0.82,5,INSS,53,-7,28,2.5,70,33,Não,5
585,9,2,7684,R$6.000-10.000,Não,,2,0.45,5,Acidente,4,6,47,3.4,97,39,Não,12
586,2,9,7305,R$6.000-10.000,Não,,1,4.57,15,Licença Médica,60,24,40,1.4,76,2,Não,27
587,1,1,4658,R$3.000-6.000,Não,,3,4.83,0,,60,10,47,2.7,61,14,Não,6
588,6,6,13078,R$10.000-15.000,Não,,1,2.91,0,,17,23,52,3.3,76,30,Não,20
589,6,8,4141,R$3.000-6.000,Não,,2,3.65,15,Licença Médica,49,29,59,2.0,71,0,Não,27
590,10,1,5744,R$3.000-6.000,Não,,3,4.21,10,Licença Médica,14,-1,56,4.5,74,26,Não,19
591,8,3,3925,R$3.000-6.000,Não,,2,1.33,10,Acidente,54,-8,45,3.3,63,5,Não,5
592,7,4,2505,Ate R$3.000,Não,,1,3.26,10,Licença Médica,25,8,23,2.9,81,27,Não,20
593,5,7,21770,Acima de R$15.000,Não,,0,1.7,10,Acidente,20,31,10,3.7,71,33,Não,18
594,6,8,4059,R$3.000-6.000,Sim,Desligamento sem Justa Causa,3,2.09,10,Acidente,8,-11,27,3.7,83,38,Não,13
595,6,6,13402,R$10.000-15.000,Não,,5,1.91,0,,17,-20,24,3.0,52,24,Não,17
596,7,5,3003,R$3.000-6.000,Não,,1,3.36,15,Acidente,60,10,37,3.1,84,7,Não,28
597,7,4,2046,Ate R$3.000,Não,,2,4.65,0,,57,39,15,3.1,80,22,Não,27
598,7,4,2346,Ate R$3.000,Não,,0,2.59,0,,34,-7,38,2.0,66,2,Não,13
599,2,5,2507,Ate R$3.000,Não,,1,3.12,15,Acidente,13,5,17,3.4,78,29,Não,1
600,2,9,9530,R$6.000-10.000,Não,,1,1.17,10,INSS,3,21,15,3.3,62,5,Não,19
601,6,8,3308,R$3.000-6.000,Não,,2,2.19,5,Acidente,39,23,23,3.2,99,37,Não,29
602,7,4,1964,Ate R$3.000,Não,,1,4.9,0,,44,34,58,3.1,87,37,Não,30
603,4,1,4661,R$3.000-6.000,Não,,2,3.87,5,INSS,18,-11,19,3.6,69,9,Não,8
604,2,9,10415,R$10.000-15.000,Não,,2,3.13,10,Licença Médica,55,25,26,3.2,66,1,Não,7
605,10,9,10011,R$10.000-15.000,Não,,3,3.13,15,Acidente,47,3,41,2.7,69,8,Não,14
606,2,5,2213,Ate R$3.000,Não,,5,1.04,10,Acidente,9,20,17,3.6,67,15,Não,9
607,7,4,2112,Ate R$3.000,Não,,0,4.73,10,INSS,37,-19,18,3.3,74,17,Não,15
608,6,9,8222,R$6.000-10.000,Não,,5,2.55,10,Acidente,24,-12,47,3.7,60,39,Não,8
609,8,7,20742,Acima de R$15.000,Não,,2,-0.08,2,INSS,2,5,46,3.8,80,27,Não,17
610,10,8,4021,R$3.000-6.000,Não,,1,4.43,0,,37,17,53,4.6,81,16,Não,26
611,3,7,19953,Acima de R$15.000,Não,,3,4.38,15,INSS,26,-4,48,3.8,59,37,Não,11
612,10,8,3889,R$3.000-6.000,Não,,1,3.07,0,,35,5,24,3.7,81,9,Não,21
613,7,9,10354,R$10.000-15.000,Não,,4,1.05,0,,20,18,37,3.1,88,38,Não,10
614,7,9,9221,R$6.000-10.000,Não,,2,3.73,0,,5,7,45,3.0,76,17,Não,5
615,7,5,2262,Ate R$3.000,Não,,5,2.44,15,INSS,47,20,49,3.2,56,3,Não,1
616,2,5,2297,Ate R$3.000,Não,,0,1.52,2,Acidente,26,-5,60,4.0,85,9,Não,5
617,1,3,3305,R$3.000-6.000,Não,,2,2.97,0,,35,16,57,3.0,86,22,Não,0
618,3,9,9935,R$6.000-10.000,Não,,2,4.83,0,,36,-4,27,3.3,70,6,Não,23
619,7,5,2681,Ate R$3.000,Não,,2,5.52,0,,15,6,32,4.4,75,37,Não,11
620,4,1,5760,R$3.000-6.000,Não,,3,-0.75,2,Licença Médica,0,0,21,2.8,68,27,Não,28
621,6,8,3551,R$3.000-6.000,Não,,0,3.68,2,INSS,51,10,57,2.8,61,23,Não,3
622,4,6,12771,R$10.000-15.000,Não,,1,5.27,15,INSS,42,-11,58,3.7,73,8,Não,23
623,9,1,6392,R$6.000-10.000,Não,,0,3.01,10,INSS,57,-4,59,3.5,91,21,Não,13
624,7,4,2523,Ate R$3.000,Não,,0,4.13,0,,50,26,55,3.0,75,13,Não,9
625,2,9,9689,R$6.000-10.000,Não,,2,2.27,0,,48,31,39,2.1,87,8,Não,0
626,7,9,7813,R$6.000-10.000,Não,,3,1.17,15,Licença Médica,17,-19,52,3.1,91,33,Não,22
627,7,4,2453,Ate R$3.000,Não,,1,1.86,5,Acidente,6,40,42,3.1,84,22,Não,20
628,7,4,1916,Ate R$3.000,Sim,Fim de Contrato,2,2.12,5,Licença Médica,5,-3,59,4.1,82,38,Não,0
629,4,3,3364,R$3.000-6.000,Não,,4,0.51,10,INSS,0,37,37,3.8,73,3,Não,9
630,7,5,2555,Ate R$3.000,Não,,5,4.86,5,Acidente,29,36,12,2.5,76,11,Não,2
631,5,7,19963,Acima de R$15.000,Não,,1,3.53,0,,18,8,19,3.7,59,39,Não,12
632,2,5,2839,Ate R$3.000,Não,,4,4.79,10,INSS,58,-4,47,1.9,73,8,Não,9
633,7,5,2627,Ate R$3.000,Não,,3,4.97,0,,48,-2,49,3.7,77,1,Não,18
634,6,6,15581,Acima de R$15.000,Não,,4,5.73,5,Licença Médica,54,17,50,3.1,72,38,Não,1
635,7,9,10871,R$10.000-15.000,Não,,2,4.47,0,,35,12,38,3.1,74,7,Não,0
636,1,9,7963,R$6.000-10.000,Não,,1,2.8,2,Licença Médica,20,-7,40,2.0,76,9,Não,18
637,4,6,13311,R$10.000-15.000,Não,,4,2.4,2,Licença Médica,6,10,22,3.0,74,11,Não,2
638,5,1,6680,R$6.000-10.000,Não,,2,0.73,0,,0,-18,37,4.3,82,32,Sim,9
639,2,4,2564,Ate R$3.000,Não,,1,2.95,5,Acidente,57,28,32,2.0,75,36,Não,29
640,6,8,2859,Ate R$3.000,Não,,4,1.38,15,Licença Médica,32,19,53,3.5,79,1,Não,14
641,1,1,5183,R$3.000-6.000,Não,,0,2.54,2,INSS,51,12,14,3.2,79,27,Não,23
642,2,9,8967,R$6.000-10.000,Não,,2,6.84,0,,43,0,52,2.1,82,27,Não,20
643,7,5,2222,Ate R$3.000,Sim,Pedido de Demissão,1,1.34,10,INSS,21,1,26,2.5,92,21,Não,16
644,7,4,2324,Ate R$3.000,Não,,1,2.47,10,INSS,25,20,40,2.8,85,18,Não,24
645,7,5,2954,Ate R$3.000,Não,,2,3.18,0,,3,-16,21,3.2,87,35,Não,30
646,6,6,14549,R$10.000-15.000,Não,,2,2.39,15,Licença Médica,25,18,58,3.8,67,25,Não,25
647,2,5,2545,Ate R$3.000,Não,,2,4.63,5,Licença Médica,34,-3,52,4.1,74,27,Não,5
648,3,9,10021,R$10.000-15.000,Não,,0,3.63,0,,42,20,31,2.5,89,37,Não,23
649,7,4,2488,Ate R$3.000,Não,,0,3.29,15,Acidente,36,37,34,2.1,88,28,Não,23
650,1,9,9778,R$6.000-10.000,Não,,4,2.01,0,,5,-7,56,3.0,84,40,Não,16
651,1,9,8433,R$6.000-10.000,Sim,Pedido de Demissão,3,2.62,5,Acidente,40,30,31,4.3,65,17,Não,15
652,2,4,2345,Ate R$3.000,Não,,0,2.86,15,Licença Médica,7,40,55,4.1,100,33,Não,28
653,2,9,9498,R$6.000-10.000,Não,,2,0.41,15,INSS,16,-1,57,2.6,84,18,Não,23
654,5,7,23590,Acima de R$15.000,Não,,2,2.09,15,INSS,49,14,40,2.9,56,31,Não,29
655,1,9,8703,R$6.000-10.000,Não,,4,2.64,0,,38,30,29,3.8,38,31,Não,15
656,7,9,8354,R$6.000-10.000,Sim,Fim de Contrato,4,4.41,2,Licença Médica,44,2,30,3.2,71,15,Não,20
657,6,8,3377,R$3.000-6.000,Não,,3,3.26,10,INSS,36,29,52,3.6,49,24,Não,3
658,10,8,4302,R$3.000-6.000,Não,,1,2.04,15,Acidente,41,1,17,2.1,61,33,Não,8
659,7,4,2061,Ate R$3.000,Não,,3,2.86,10,INSS,4,26,32,3.3,76,34,Não,4
660,2,4,2383,Ate R$3.000,Não,,1,2.03,10,INSS,24,-18,40,2.7,86,24,Não,20
661,2,5,2936,Ate R$3.000,Não,,0,2.45,0,,7,33,46,3.8,70,10,Não,11
662,7,4,1996,Ate R$3.000,Não,,3,1.68,0,,51,-14,23,2.4,75,5,Não,1
663,10,8,3685,R$3.000-6.000,Não,,4,6.23,0,,58,35,43,3.5,80,17,Não,11
664,6,8,4220,R$3.000-6.000,Não,,0,3.8,5,INSS,5,18,59,3.1,60,21,Não,3
665,10,1,5931,R$3.000-6.000,Não,,0,3.76,0,,28,10,26,3.4,82,30,Não,15
666,7,5,3124,R$3.000-6.000,Não,,2,3.52,2,Licença Médica,55,20,49,3.0,58,40,Não,5
667,8,6,12714,R$10.000-15.000,Não,,4,1.2,0,,20,26,18,3.6,91,21,Não,22
668,1,3,3728,R$3.000-6.000,Não,,2,2.52,2,INSS,15,-20,56,3.1,88,15,Não,12
669,7,5,2427,Ate R$3.000,Sim,Pedido de Demissão,2,2.09,0,,0,26,14,4.1,76,7,Não,13
670,7,9,7453,R$6.000-10.000,Não,,2,3.53,5,Licença Médica,45,27,26,3.0,67,31,Não,10
671,7,9,8268,R$6.000-10.000,Não,,1,2.62,5,Licença Médica,28,-16,17,2.8,100,31,Não,22
672,7,5,2642,Ate R$3.000,Não,,2,5.08,2,Acidente,48,26,26,2.3,95,26,Não,19
673,10,9,10117,R$10.000-15.000,Não,,5,4.52,2,Acidente,12,-19,42,3.7,88,11,Não,21
674,3,3,3910,R$3.000-6.000,Não,,2,1.32,15,INSS,56,12,19,2.6,77,6,Não,4
675,7,5,3020,R$3.000-6.000,Não,,4,4.66,0,,51,-19,16,2.9,56,35,Não,12
676,6,9,10948,R$10.000-15.000,Não,,0,4.43,15,Licença Médica,57,36,60,4.0,57,20,Não,8
677,1,9,8762,R$6.000-10.000,Não,,0,2.07,0,,16,39,32,2.5,63,7,Não,16
678,2,4,2415,Ate R$3.000,Sim,Fim de Contrato,1,3.9,0,,38,14,41,4.0,93,8,Não,13
679,2,4,2067,Ate R$3.000,Não,,2,3.05,5,INSS,29,5,24,2.8,73,6,Não,6
680,1,9,8613,R$6.000-10.000,Não,,1,3.4,0,,14,-10,31,2.7,95,28,Não,24
681,1,1,4738,R$3.000-6.000,Não,,2,3.21,5,Acidente,12,23,45,3.5,94,29,Não,24
682,2,4,2323,Ate R$3.000,Não,,2,2.22,10,INSS,20,-20,48,3.8,45,16,Não,28
683,6,9,8902,R$6.000-10.000,Não,,4,1.13,15,INSS,25,25,10,3.4,46,37,Não,20
684,6,6,14012,R$10.000-15.000,Não,,1,0.96,5,Licença Médica,9,35,42,3.9,65,23,Não,26
685,4,3,3599,R$3.000-6.000,Não,,4,2.2,0,,40,28,33,4.0,63,38,Não,0
686,3,9,8556,R$6.000-10.000,Sim,Desligamento sem Justa Causa,0,3.03,0,,10,-5,12,2.8,48,6,Não,1
687,2,4,2095,Ate R$3.000,Não,,1,1.97,0,,6,18,45,3.3,70,33,Não,23
688,1,3,2817,Ate R$3.000,Não,,2,0.03,2,INSS,24,11,21,2.9,76,4,Não,6
689,7,9,10493,R$10.000-15.000,Não,,2,3.77,0,,44,-16,19,2.3,66,9,Não,20
690,10,8,3664,R$3.000-6.000,Não,,1,3.06,15,Licença Médica,37,0,56,2.6,100,31,Não,10
691,7,9,10531,R$10.000-15.000,Não,,3,6.04,5,INSS,60,9,22,2.6,80,15,Não,1
692,7,9,9681,R$6.000-10.000,Não,,1,3.54,0,,12,3,34,3.2,76,27,Não,18
693,2,5,3095,R$3.000-6.000,Sim,Pedido de Demissão,0,2.95,10,INSS,1,29,48,4.1,65,30,Não,28
694,2,4,1930,Ate R$3.000,Não,,3,3.17,5,Acidente,54,-9,29,3.3,70,13,Não,21
695,7,9,7684,R$6.000-10.000,Não,,2,4.27,2,INSS,42,36,35,3.3,52,16,Não,10
696,7,9,9052,R$6.000-10.000,Não,,2,3.88,0,,22,1,52,2.4,72,27,Não,29
697,7,5,2361,Ate R$3.000,Não,,6,4.27,10,Licença Médica,21,1,13,2.9,63,0,Não,18
698,4,6,13012,R$10.000-15.000,Não,,2,4.38,0,,51,22,51,2.3,73,16,Não,3
699,4,6,14723,R$10.000-15.000,Não,,5,3.03,0,,13,4,33,4.3,79,28,Não,11
700,10,1,5561,R$3.000-6.000,Não,,2,2.67,15,Acidente,22,2,19,3.3,79,14,Não,27
701,2,4,2380,Ate R$3.000,Sim,Pedido de Demissão,2,1.82,5,Acidente,0,36,25,4.2,85,8,Não,10
702,1,3,3722,R$3.000-6.000,Não,,2,2.25,0,,11,-10,55,3.2,69,9,Não,6
703,1,3,2854,Ate R$3.000,Não,,3,2.99,15,Licença Médica,25,18,21,2.5,83,33,Não,26
704,2,5,2877,Ate R$3.000,Não,,2,0.6,0,,16,-19,36,2.6,86,31,Não,23
705,7,4,2146,Ate R$3.000,Não,,5,2.94,0,,32,37,47,2.4,98,30,Não,9
706,2,5,2305,Ate R$3.000,Não,,3,2.89,0,,5,31,53,3.5,59,7,Não,14
707,2,9,9888,R$6.000-10.000,Não,,1,2.24,0,,44,28,47,4.0,82,27,Não,7
708,7,9,10653,R$10.000-15.000,Não,,0,3.26,0,,49,-19,31,3.2,58,35,Não,4
709,6,9,9279,R$6.000-10.000,Sim,Fim de Contrato,4,0.28,0,,9,8,16,3.0,91,12,Não,4
710,10,1,4843,R$3.000-6.000,Não,,4,3.68,0,,45,4,22,3.6,76,22,Não,3
711,2,5,2712,Ate R$3.000,Sim,Desligamento sem Justa Causa,1,2.55,0,,16,-5,22,3.3,78,7,Não,23
712,7,4,2101,Ate R$3.000,Não,,3,5.93,0,,59,-10,54,3.3,84,18,Não,27
713,2,4,2324,Ate R$3.000,Não,,3,3.83,15,INSS,56,4,44,2.4,83,0,Não,4
714,6,6,15617,Acima de R$15.000,Não,,3,2.22,10,INSS,17,18,20,2.0,81,7,Não,24
715,7,5,3133,R$3.000-6.000,Não,,0,4.04,10,Acidente,47,-10,57,2.3,78,26,Não,15
716,3,9,9938,R$6.000-10.000,Não,,3,1.54,0,,55,-4,43,3.0,55,19,Não,15
717,1,9,7931,R$6.000-10.000,Não,,2,3.49,0,,29,1,54,3.1,65,30,Não,1
718,2,5,2855,Ate R$3.000,Não,,3,3.26,5,Acidente,29,30,25,3.6,89,16,Não,29
719,3,3,3438,R$3.000-6.000,Não,,1,2.55,5,Licença Médica,21,-7,57,3.9,58,28,Não,17
720,7,5,2384,Ate R$3.000,Não,,1,4.62,0,,24,10,60,2.9,65,36,Não,19
721,2,5,2310,Ate R$3.000,Não,,3,-0.43,2,Acidente,5,27,23,2.5,80,24,Não,1
722,6,9,7486,R$6.000-10.000,Não,,5,2.31,15,INSS,43,3,50,2.5,72,2,Não,29
723,7,4,2357,Ate R$3.000,Não,,0,3.01,15,INSS,12,-17,47,2.8,66,38,Não,4
724,3,1,4768,R$3.000-6.000,Não,,1,2.28,0,,5,25,33,3.3,75,13,Não,14
725,2,4,2152,Ate R$3.000,Sim,Pedido de Demissão,1,3.94,0,,33,-17,29,3.4,75,35,Não,24
726,2,9,9655,R$6.000-10.000,Não,,0,4.23,5,Licença Médica,22,38,21,3.5,57,3,Não,9
727,7,4,2465,Ate R$3.000,Não,,4,1.91,0,,0,32,42,3.7,88,27,Não,24
728,1,1,5903,R$3.000-6.000,Não,,2,1.26,15,INSS,3,23,32,3.5,67,36,Não,7
729,2,5,2973,Ate R$3.000,Não,,3,3.56,0,,16,2,12,3.6,78,0,Não,2
730,1,9,8069,R$6.000-10.000,Não,,1,3.89,15,INSS,48,20,26,4.2,66,13,Não,12
731,7,5,2253,Ate R$3.000,Sim,Fim de Contrato,5,4.74,0,,31,18,43,2.1,85,40,Não,28
732,7,5,3180,R$3.000-6.000,Não,,0,4.05,2,Acidente,38,28,41,3.3,71,32,Não,7
733,7,5,2371,Ate R$3.000,Não,,3,2.75,15,INSS,40,38,55,3.3,55,4,Não,0
734,5,1,4838,R$3.000-6.000,Não,,3,5.16,2,INSS,28,34,58,3.2,84,0,Não,28
735,6,9,9365,R$6.000-10.000,Não,,2,3.91,0,,31,-15,44,3.8,68,3,Não,7
736,3,1,5483,R$3.000-6.000,Não,,2,4.76,5,Licença Médica,25,11,47,3.1,57,25,Não,29
737,6,6,11877,R$10.000-15.000,Não,,0,2.9,2,Acidente,40,-10,18,2.9,73,10,Não,1
738,7,5,2797,Ate R$3.000,Não,,3,0.0,10,INSS,7,-11,56,3.7,100,40,Não,9
739,2,4,2276,Ate R$3.000,Sim,Pedido de Demissão,1,5.05,10,Acidente,26,20,30,3.5,83,37,Não,7
740,1,1,5229,R$3.000-6.000,Não,,1,2.12,5,Licença Médica,3,28,47,2.8,61,38,Não,19
741,6,6,15658,Acima de R$15.000,Não,,1,5.19,15,Licença Médica,35,-16,27,3.0,82,16,Não,3
742,5,1,5115,R$3.000-6.000,Não,,3,5.02,0,,39,37,14,3.0,67,10,Não,10
743,7,4,2010,Ate R$3.000,Não,,1,4.24,0,,46,22,57,3.5,76,8,Não,1
744,10,1,4868,R$3.000-6.000,Não,,0,2.3,15,Acidente,19,36,59,3.6,60,35,Não,25
745,1,3,3224,R$3.000-6.000,Sim,Desligamento sem Justa Causa,2,2.09,5,INSS,28,22,10,2.9,61,14,Não,23
746,6,9,7326,R$6.000-10.000,Não,,1,0.97,10,Licença Médica,6,28,40,3.6,81,17,Não,13
747,1,3,3748,R$3.000-6.000,Sim,Fim de Contrato,0,1.67,0,,33,23,23,3.0,73,4,Não,26
748,2,5,2895,Ate R$3.000,Sim,Fim de Contrato,4,0.93,0,,10,-10,56,4.2,89,30,Não,18
749,7,5,2226,Ate R$3.000,Não,,3,2.18,0,,16,15,18,3.8,92,2,Não,0
750,2,9,7766,R$6.000-10.000,Não,,1,5.1,2,Licença Médica,56,35,37,2.4,75,12,Não,14
751,4,1,6776,R$6.000-10.000,Não,,1,3.94,15,Licença Médica,18,16,17,3.2,84,11,Não,14
752,6,6,12842,R$10.000-15.000,Não,,2,0.16,0,,6,38,21,3.8,53,22,Não,20
753,2,5,2731,Ate R$3.000,Não,,3,2.62,0,,24,23,42,2.8,70,35,Não,17
754,2,9,8803,R$6.000-10.000,Não,,3,3.43,0,,14,20,44,3.4,68,9,Não,16
755,2,5,2505,Ate R$3.000,Sim,Fim de Contrato,3,4.0,0,,17,-13,18,3.6,48,10,Não,29
756,2,5,2936,Ate R$3.000,Não,,3,0.9,0,,10,38,57,3.3,69,21,Não,15
757,2,5,2796,Ate R$3.000,Não,,3,4.84,0,,48,12,32,2.9,69,5,Não,21
758,9,2,7153,R$6.000-10.000,Não,,1,1.82,10,Licença Médica,16,30,49,3.0,84,40,Não,24
759,6,9,7003,R$6.000-10.000,Não,,2,0.78,0,,18,-4,53,3.2,81,11,Não,15
760,7,4,2029,Ate R$3.000,Não,,5,3.07,15,INSS,30,13,43,4.9,82,15,Não,1
761,7,9,10019,R$10.000-15.000,Não,,4,3.17,0,,42,-7,34,2.7,91,35,Não,3
762,7,4,2430,Ate R$3.000,Não,,2,2.69,5,Acidente,18,5,40,3.6,88,28,Não,4
763,8,1,5280,R$3.000-6.000,Não,,2,0.26,2,Licença Médica,33,33,34,3.3,79,10,Não,17
764,4,3,3758,R$3.000-6.000,Não,,2,3.0,0,,52,18,50,3.5,74,17,Não,27
765,8,1,6180,R$6.000-10.000,Não,,2,2.18,0,,49,14,26,2.8,73,11,Não,30
766,6,8,4435,R$3.000-6.000,Não,,1,2.81,15,Acidente,57,-13,59,2.8,51,5,Não,26
767,2,5,2809,Ate R$3.000,Não,,0,5.82,10,Acidente,36,31,24,3.4,72,3,Não,25
768,2,5,2657,Ate R$3.000,Não,,3,2.44,5,Acidente,37,14,10,3.4,64,23,Não,15
769,1,1,4654,R$3.000-6.000,Não,,2,2.61,10,Licença Médica,38,-19,44,3.7,77,19,Não,27
770,7,5,2673,Ate R$3.000,Não,,1,3.1,2,Licença Médica,32,1,26,2.2,86,19,Não,19
771,6,6,14491,R$10.000-15.000,Não,,0,1.8,0,,22,-10,55,3.0,72,17,Não,6
772,6,6,14202,R$10.000-15.000,Não,,2,3.86,0,,47,-12,55,3.2,75,1,Não,20
773,6,8,3494,R$3.000-6.000,Não,,3,2.86,0,,3,18,47,3.4,80,13,Não,22
774,1,1,5171,R$3.000-6.000,Não,,3,3.46,2,INSS,14,-5,19,4.1,95,19,Não,15
775,7,5,2243,Ate R$3.000,Não,,1,1.76,5,INSS,13,22,59,4.0,56,5,Não,0
776,2,9,7253,R$6.000-10.000,Não,,3,4.59,0,,30,13,41,3.3,73,5,Não,21
777,7,5,2738,Ate R$3.000,Não,,2,1.75,15,INSS,35,32,13,3.5,81,31,Não,18
778,7,4,1988,Ate R$3.000,Não,,2,4.43,10,INSS,40,-11,40,2.4,68,10,Não,24
779,1,1,5991,R$3.000-6.000,Não,,5,4.37,0,,44,28,37,1.9,79,36,Não,12
780,7,4,2531,Ate R$3.000,Não,,2,3.23,0,,27,-1,25,2.2,61,33,Não,13
781,10,1,5264,R$3.000-6.000,Não,,3,4.37,5,INSS,42,-1,25,1.9,53,4,Não,23
782,7,9,7410,R$6.000-10.000,Sim,Desligamento sem Justa Causa,1,3.72,5,Licença Médica,46,10,29,3.3,63,18,Não,1
783,6,6,11855,R$10.000-15.000,Não,,2,4.12,0,,53,12,52,2.8,74,6,Não,5
784,2,4,2062,Ate R$3.000,Não,,2,4.96,0,,50,28,45,2.6,100,6,Não,4
785,7,4,2578,Ate R$3.000,Não,,1,1.33,0,,13,25,56,3.4,94,16,Não,11
786,7,9,7358,R$6.000-10.000,Não,,4,0.21,2,Licença Médica,2,-5,60,3.3,83,12,Não,22
787,7,9,7088,R$6.000-10.000,Não,,2,2.38,10,Acidente,9,22,12,2.9,85,40,Não,7
788,6,6,13511,R$10.000-15.000,Não,,1,2.0,5,Acidente,0,27,36,4.3,53,14,Não,6
789,7,5,2201,Ate R$3.000,Não,,1,0.67,10,INSS,5,16,29,2.5,82,22,Não,9
790,2,4,2418,Ate R$3.000,Não,,1,1.55,0,,12,33,12,3.4,55,28,Não,9
791,7,9,9916,R$6.000-10.000,Não,,0,4.79,0,,33,-20,60,3.2,48,24,Não,30
792,6,8,4182,R$3.000-6.000,Não,,1,2.95,0,,4,37,46,2.8,53,31,Não,10
793,6,9,7917,R$6.000-10.000,Não,,0,1.65,0,,32,4,51,3.6,67,1,Não,6
794,6,6,14201,R$10.000-15.000,Não,,4,2.76,0,,1,21,34,3.0,68,2,Não,24
795,7,5,3013,R$3.000-6.000,Não,,3,1.03,0,,7,-19,18,3.2,84,4,Não,1
796,6,6,15950,Acima de R$15.000,Não,,2,-0.2,10,Acidente,25,40,29,3.0,73,32,Não,30
797,7,9,10834,R$10.000-15.000,Sim,Desligamento sem Justa Causa,3,1.84,0,,0,25,25,3.8,75,10,Não,24
798,7,9,8411,R$6.000-10.000,Não,,1,1.45,0,,13,-13,32,3.7,80,35,Não,2
799,10,9,8678,R$6.000-10.000,Não,,1,2.95,0,,17,-5,14,4.7,80,4,Não,19
800,6,9,10534,R$10.000-15.000,Não,,2,4.29,2,INSS,42,28,26,3.2,70,19,Não,24
801,2,9,9656,R$6.000-10.000,Não,,2,2.64,10,Acidente,56,32,20,2.5,70,25,Não,20
802,7,5,2712,Ate R$3.000,Não,,0,3.44,0,,16,-11,27,3.6,78,23,Não,0
803,6,9,9308,R$6.000-10.000,Não,,0,1.43,2,Acidente,15,1,45,4.1,81,37,Não,25
804,10,8,3671,R$3.000-6.000,Não,,2,3.53,0,,60,6,51,3.0,65,19,Não,15
805,4,3,3236,R$3.000-6.000,Não,,1,3.37,15,INSS,9,-3,28,2.8,59,37,Não,4
806,2,5,2901,Ate R$3.000,Não,,3,4.28,0,,33,-1,26,2.6,75,10,Não,12
807,6,8,2874,Ate R$3.000,Não,,4,2.84,2,Licença Médica,48,-8,35,3.3,79,15,Não,24
808,7,5,2458,Ate R$3.000,Não,,0,2.79,2,INSS,19,-6,16,3.6,61,14,Não,24
809,4,1,5330,R$3.000-6.000,Não,,1,3.28,0,,3,23,10,3.0,82,32,Não,2
810,6,8,3467,R$3.000-6.000,Não,,3,4.97,2,INSS,22,32,26,3.4,86,8,Não,30
811,2,4,2190,Ate R$3.000,Não,,2,3.97,2,Acidente,33,16,22,3.5,70,24,Não,26
812,2,5,2491,Ate R$3.000,Não,,2,1.66,15,Acidente,18,27,51,2.8,56,26,Não,9
813,6,6,13349,R$10.000-15.000,Não,,2,4.49,0,,41,14,58,4.3,63,32,Sim,18
814,7,4,1975,Ate R$3.000,Não,,2,0.91,5,INSS,11,-9,41,3.8,70,3,Não,8
815,10,8,3529,R$3.000-6.000,Não,,0,3.02,10,INSS,57,11,38,4.4,74,20,Sim,2
816,2,4,2518,Ate R$3.000,Não,,2,2.69,5,Acidente,1,3,37,4.5,83,23,Sim,14
817,6,8,3460,R$3.000-6.000,Não,,2,4.64,0,,21,-14,22,2.5,84,22,Não,20
818,7,4,1949,Ate R$3.000,Sim,Pedido de Demissão,3,3.03,0,,10,-13,60,3.2,85,0,Não,15
819,6,6,11224,R$10.000-15.000,Não,,3,3.36,5,Acidente,29,-18,32,3.8,78,25,Não,28
820,7,4,2306,Ate R$3.000,Não,,1,2.19,2,Acidente,35,29,33,3.2,77,18,Não,6
821,7,9,9163,R$6.000-10.000,Não,,1,4.2,0,,24,-9,33,3.2,70,39,Não,20
822,7,9,8116,R$6.000-10.000,Não,,3,2.94,0,,22,38,33,3.3,44,1,Não,26
823,6,8,3674,R$3.000-6.000,Não,,5,3.66,10,Acidente,54,16,49,3.6,88,3,Não,14
824,1,1,6231,R$6.000-10.000,Não,,2,3.24,15,Licença Médica,20,27,36,3.6,57,35,Não,0
825,9,2,7318,R$6.000-10.000,Não,,3,3.28,2,Licença Médica,19,16,25,3.5,73,20,Não,23
826,10,8,2945,Ate R$3.000,Não,,0,1.63,0,,8,38,43,3.5,77,18,Não,29
827,2,5,2480,Ate R$3.000,Não,,3,3.84,0,,26,0,17,3.2,91,6,Não,8
828,3,7,18675,Acima de R$15.000,Não,,2,2.61,2,Licença Médica,29,10,26,3.7,74,2,Não,25
829,6,9,9949,R$6.000-10.000,Não,,1,4.27,5,Licença Médica,28,25,47,4.1,78,32,Não,17
830,1,9,8127,R$6.000-10.000,Sim,Fim de Contrato,1,1.73,2,Acidente,14,37,45,3.2,61,27,Não,3
831,2,5,2921,Ate R$3.000,Não,,1,3.4,0,,24,39,30,3.0,68,37,Não,10
832,10,8,3467,R$3.000-6.000,Não,,1,2.6,15,Licença Médica,20,-8,43,2.6,67,28,Não,8
833,7,4,2278,Ate R$3.000,Não,,3,3.76,2,Acidente,32,8,42,3.7,69,23,Não,24
834,7,4,2222,Ate R$3.000,Não,,1,1.09,0,,10,18,19,3.5,71,9,Não,19
835,7,4,2185,Ate R$3.000,Sim,Fim de Contrato,4,2.23,5,INSS,1,-11,54,4.2,65,30,Não,24
836,2,5,2517,Ate R$3.000,Não,,2,1.64,0,,21,24,38,4.0,63,23,Não,26
837,3,7,22158,Acima de R$15.000,Não,,4,3.93,0,,19,40,23,3.8,60,24,Não,10
838,1,9,7896,R$6.000-10.000,Não,,0,3.61,10,Acidente,39,36,22,3.4,76,36,Não,13
839,6,6,14576,R$10.000-15.000,Não,,0,4.01,15,Licença Médica,56,9,41,2.6,86,35,Não,12
840,7,9,7743,R$6.000-10.000,Não,,1,2.65,2,INSS,17,-1,41,3.8,61,34,Não,12
841,4,6,15972,Acima de R$15.000,Não,,2,2.77,2,Licença Médica,51,7,26,3.2,68,8,Não,20
842,1,1,6892,R$6.000-10.000,Sim,Fim de Contrato,1,3.56,0,,19,32,54,3.9,73,20,Não,27
843,2,5,2731,Ate R$3.000,Não,,3,1.51,2,Acidente,3,4,43,3.6,76,8,Não,8
844,2,9,7044,R$6.000-10.000,Não,,1,3.32,10,Acidente,8,24,54,3.3,100,23,Não,23
845,2,4,1970,Ate R$3.000,Não,,4,5.22,15,Licença Médica,17,-8,45,3.4,62,16,Não,14
846,1,9,8824,R$6.000-10.000,Não,,1,4.36,2,Licença Médica,19,-7,24,2.8,80,32,Não,9
847,7,9,10255,R$10.000-15.000,Não,,3,3.85,0,,52,18,12,4.2,61,9,Não,2
848,7,5,2923,Ate R$3.000,Não,,3,1.08,0,,32,8,55,3.5,80,27,Não,29
849,6,9,10831,R$10.000-15.000,Não,,1,2.32,5,Acidente,24,23,24,4.4,58,15,Sim,12
850,8,6,13870,R$10.000-15.000,Não,,2,0.95,15,INSS,7,29,38,4.0,93,35,Não,26
851,1,1,6833,R$6.000-10.000,Não,,3,3.3,0,,46,-18,45,3.2,71,25,Não,28
852,4,1,6099,R$6.000-10.000,Não,,6,2.23,2,INSS,9,9,29,4.3,67,1,Não,17
853,7,4,2033,Ate R$3.000,Não,,4,2.13,10,Licença Médica,47,25,38,3.3,77,34,Não,26
854,5,7,21614,Acima de R$15.000,Sim,Fim de Contrato,3,2.35,2,Acidente,0,-10,16,3.6,81,27,Não,24
855,1,9,9659,R$6.000-10.000,Não,,2,3.57,2,Licença Médica,32,33,14,3.2,72,8,Não,1
856,2,9,8873,R$6.000-10.000,Não,,2,1.25,2,Licença Médica,16,29,31,3.1,70,34,Não,16
857,1,3,4100,R$3.000-6.000,Não,,2,5.06,2,Acidente,52,12,21,2.7,73,34,Não,1
858,2,5,2255,Ate R$3.000,Não,,1,4.07,0,,55,37,11,2.5,75,11,Não,20
859,2,5,3109,R$3.000-6.000,Não,,3,1.92,0,,40,4,30,3.0,79,11,Não,21
860,1,3,2807,Ate R$3.000,Não,,2,3.77,0,,47,-2,60,3.7,90,35,Não,1
861,1,3,3371,R$3.000-6.000,Não,,3,3.82,0,,31,-14,32,2.2,59,22,Não,13
862,10,9,7640,R$6.000-10.000,Não,,5,2.1,10,INSS,23,-20,34,2.9,52,25,Não,2
863,1,9,10129,R$10.000-15.000,Não,,1,2.86,0,,41,6,18,2.2,88,37,Não,14
864,7,9,9949,R$6.000-10.000,Não,,1,3.58,15,Licença Médica,38,33,58,3.0,65,27,Não,5
865,2,9,7983,R$6.000-10.000,Não,,4,4.0,0,,38,16,54,4.2,85,13,Não,10
866,1,3,3247,R$3.000-6.000,Não,,2,3.01,15,INSS,22,-8,16,2.9,85,31,Não,22
867,10,1,5184,R$3.000-6.000,Sim,Pedido de Demissão,2,4.62,15,Licença Médica,36,27,36,3.3,87,36,Não,27
868,6,9,10347,R$10.000-15.000,Não,,4,1.25,5,Licença Médica,13,31,13,3.3,81,36,Não,9
869,10,8,4076,R$3.000-6.000,Não,,0,4.21,0,,41,6,37,2.9,86,30,Não,14
870,1,1,6403,R$6.000-10.000,Não,,1,1.81,0,,29,30,35,3.1,50,13,Não,17
871,10,8,4279,R$3.000-6.000,Não,,2,4.96,0,,60,39,20,3.3,63,21,Não,19
872,9,1,6305,R$6.000-10.000,Não,,2,1.72,5,INSS,11,-14,20,4.3,68,13,Não,9
873,7,9,9464,R$6.000-10.000,Não,,3,3.7,2,Acidente,28,28,32,3.2,88,14,Não,28
874,7,5,2373,Ate R$3.000,Não,,4,4.86,15,Acidente,8,-13,16,2.4,72,16,Não,21
875,2,4,2192,Ate R$3.000,Não,,1,3.23,0,,26,26,13,4.1,80,3,Não,29
876,7,9,7847,R$6.000-10.000,Sim,Pedido de Demissão,3,3.57,15,INSS,26,13,28,3.2,75,32,Não,3
877,1,9,9859,R$6.000-10.000,Não,,4,2.94,2,Acidente,48,32,38,2.5,86,22,Não,12
878,8,6,11582,R$10.000-15.000,Não,,5,2.57,0,,59,32,55,2.9,63,15,Não,23
879,2,9,8707,R$6.000-10.000,Não,,5,2.13,0,,47,34,26,2.5,59,10,Não,26
880,10,8,3146,R$3.000-6.000,Não,,5,0.29,10,Acidente,7,13,16,3.1,69,16,Não,12
881,7,9,9846,R$6.000-10.000,Não,,2,2.95,2,INSS,46,35,36,3.0,76,1,Não,9
882,5,1,6667,R$6.000-10.000,Não,,2,3.32,2,Acidente,46,39,45,2.7,54,7,Não,11
883,10,8,3172,R$3.000-6.000,Não,,5,4.05,15,Acidente,48,-9,11,2.8,76,11,Não,26
884,2,4,2440,Ate R$3.000,Não,,0,2.11,15,Licença Médica,12,13,52,2.4,52,21,Não,4
885,1,3,3143,R$3.000-6.000,Não,,1,1.06,2,INSS,11,36,16,3.5,74,32,Não,6
886,7,4,2477,Ate R$3.000,Não,,2,2.51,2,INSS,15,12,18,3.9,73,12,Não,27
887,7,5,2236,Ate R$3.000,Não,,1,5.09,0,,57,16,34,3.9,78,7,Não,1
888,7,5,2736,Ate R$3.000,Não,,1,5.2,2,Acidente,46,26,23,3.8,59,28,Não,29
889,6,6,11693,R$10.000-15.000,Não,,3,4.52,0,,57,40,13,2.9,63,34,Não,8
890,6,6,15324,Acima de R$15.000,Não,,0,4.17,0,,60,38,20,2.7,78,7,Não,25
891,7,9,8509,R$6.000-10.000,Não,,1,2.94,10,Acidente,17,5,57,3.6,86,4,Não,15
892,10,1,5294,R$3.000-6.000,Não,,2,2.61,5,INSS,33,17,55,3.4,87,24,Não,7
893,7,9,10615,R$10.000-15.000,Não,,2,2.69,2,INSS,15,24,17,3.9,86,31,Não,15
894,7,4,2413,Ate R$3.000,Não,,1,1.44,0,,28,-15,20,3.2,76,2,Não,30
895,2,9,8758,R$6.000-10.000,Não,,1,4.11,10,Licença Médica,59,3,14,3.5,85,33,Não,22
896,10,1,6857,R$6.000-10.000,Não,,3,4.03,0,,15,2,35,3.1,59,36,Não,19
897,3,1,6961,R$6.000-10.000,Não,,1,1.15,5,INSS,11,-3,31,3.0,58,21,Não,27
898,2,9,8079,R$6.000-10.000,Não,,3,3.04,15,Licença Médica,35,31,23,2.9,71,31,Não,4
899,10,9,7141,R$6.000-10.000,Não,,1,3.4,10,Acidente,35,34,54,2.3,62,34,Não,4
900,2,4,2180,Ate R$3.000,Não,,1,3.39,2,Licença Médica,54,-16,55,2.4,82,16,Não,11
901,10,1,4565,R$3.000-6.000,Não,,0,0.44,15,Acidente,20,8,34,2.8,57,30,Não,1
902,7,5,2635,Ate R$3.000,Não,,1,3.19,10,Acidente,28,17,57,3.8,70,17,Não,18
903,6,8,3883,R$3.000-6.000,Não,,1,1.72,2,Licença Médica,34,8,59,3.5,70,30,Não,4
904,2,9,7845,R$6.000-10.000,Não,,3,2.89,0,,53,-10,46,2.3,74,13,Não,18
905,7,9,7338,R$6.000-10.000,Não,,2,3.96,15,Licença Médica,6,-10,19,3.7,67,27,Não,6
906,1,3,3322,R$3.000-6.000,Não,,2,2.58,0,,41,20,12,3.4,48,33,Não,17
907,2,5,2213,Ate R$3.000,Não,,3,1.83,0,,14,-18,52,3.9,70,6,Não,8
908,8,7,17240,Acima de R$15.000,Não,,1,2.52,10,Acidente,54,-20,34,2.7,68,25,Não,10
909,6,6,15909,Acima de R$15.000,Não,,2,4.89,0,,54,27,13,2.6,84,3,Não,3
910,2,5,2870,Ate R$3.000,Não,,2,1.71,0,,18,5,16,3.6,100,36,Não,7
911,6,9,9073,R$6.000-10.000,Não,,3,4.0,0,,49,39,33,3.7,71,16,Não,12
912,6,6,14638,R$10.000-15.000,Não,,1,2.96,10,INSS,32,-2,23,3.1,62,2,Não,22
913,7,9,10931,R$10.000-15.000,Sim,Pedido de Demissão,2,2.26,5,Acidente,39,40,50,2.8,60,40,Não,18
914,6,9,8574,R$6.000-10.000,Não,,9,2.1,10,INSS,29,-5,60,3.3,73,15,Não,17
915,10,1,4886,R$3.000-6.000,Não,,3,4.69,5,Acidente,47,32,16,2.3,79,22,Não,5
916,7,5,2374,Ate R$3.000,Não,,0,1.44,2,INSS,15,33,44,2.5,93,22,Não,17
917,2,4,2170,Ate R$3.000,Não,,3,2.38,10,INSS,1,-16,24,3.7,74,35,Não,4
918,2,9,9803,R$6.000-10.000,Sim,Desligamento sem Justa Causa,1,0.75,5,INSS,7,-3,19,4.1,68,14,Não,9
919,2,5,2677,Ate R$3.000,Não,,2,0.87,0,,15,36,52,3.8,82,30,Não,9
920,5,1,6936,R$6.000-10.000,Não,,1,2.58,0,,13,35,22,3.0,73,20,Não,12
921,6,6,14199,R$10.000-15.000,Não,,3,2.16,10,INSS,46,13,48,4.0,67,6,Não,9
922,4,6,15560,Acima de R$15.000,Não,,4,5.36,2,Licença Médica,49,5,20,2.9,80,19,Não,21
923,6,6,11883,R$10.000-15.000,Não,,0,4.44,5,Acidente,55,30,21,3.8,89,36,Não,4
924,2,5,2718,Ate R$3.000,Não,,2,2.52,0,,8,-2,30,3.8,50,34,Não,14
925,2,4,2498,Ate R$3.000,Não,,3,4.32,2,Acidente,48,25,40,3.5,56,30,Não,20
926,5,7,18858,Acima de R$15.000,Não,,1,2.54,0,,29,-10,15,4.7,88,22,Não,8
927,2,5,2646,Ate R$3.000,Não,,2,2.45,0,,43,12,18,2.6,92,29,Não,17
928,1,1,6809,R$6.000-10.000,Não,,1,3.23,0,,30,15,15,3.9,82,5,Não,12
929,7,9,9373,R$6.000-10.000,Não,,1,2.1,10,Acidente,8,31,51,3.4,50,24,Não,30
930,7,5,3071,R$3.000-6.000,Sim,Fim de Contrato,3,3.14,2,Acidente,10,7,55,3.2,73,35,Não,3
931,10,9,8946,R$6.000-10.000,Não,,0,2.82,0,,45,-9,40,1.8,74,36,Não,20
932,6,9,10601,R$10.000-15.000,Não,,1,1.07,0,,57,-5,26,2.8,75,23,Não,1
933,9,7,23900,Acima de R$15.000,Não,,0,5.39,2,Licença Médica,50,5,46,4.0,84,3,Não,0
934,4,3,3678,R$3.000-6.000,Não,,3,3.71,0,,3,-5,53,3.3,61,1,Não,22
935,7,5,2471,Ate R$3.000,Não,,1,4.22,10,INSS,53,-12,39,2.5,74,12,Não,15
936,10,1,5646,R$3.000-6.000,Não,,1,4.56,0,,56,6,59,2.9,65,35,Não,29
937,7,4,2206,Ate R$3.000,Não,,3,5.68,5,Acidente,32,0,16,2.8,70,26,Não,11
938,6,9,7623,R$6.000-10.000,Não,,5,4.45,15,Licença Médica,22,24,23,3.4,55,28,Não,2
939,10,9,10561,R$10.000-15.000,Não,,2,3.55,0,,58,-7,58,3.5,90,16,Não,20
940,9,1,4685,R$3.000-6.000,Não,,4,2.77,5,INSS,14,19,13,3.2,81,22,Não,2
941,1,3,4067,R$3.000-6.000,Não,,0,4.25,0,,36,3,51,3.5,74,18,Não,5
942,7,9,9670,R$6.000-10.000,Não,,1,3.97,5,Licença Médica,53,17,49,4.1,64,24,Não,2
943,2,9,10097,R$10.000-15.000,Não,,2,4.44,0,,0,-9,40,3.7,83,10,Não,4
944,2,4,2478,Ate R$3.000,Não,,0,2.91,2,INSS,21,1,55,4.1,65,12,Não,15
945,9,7,21012,Acima de R$15.000,Não,,0,2.96,5,INSS,44,7,31,2.2,43,21,Não,1
946,2,5,2364,Ate R$3.000,Não,,3,0.38,10,INSS,12,-11,18,3.6,77,12,Não,16
947,2,4,2271,Ate R$3.000,Não,,5,1.7,0,,36,5,23,3.2,88,11,Não,19
948,5,1,6463,R$6.000-10.000,Não,,1,1.61,15,INSS,48,27,24,3.5,88,26,Não,15
949,6,9,7291,R$6.000-10.000,Não,,2,3.11,15,INSS,24,-1,17,3.7,82,1,Não,4
950,6,8,3138,R$3.000-6.000,Não,,3,3.17,10,INSS,9,13,18,3.1,55,33,Não,17
951,7,4,2463,Ate R$3.000,Não,,2,3.1,0,,5,12,37,3.6,68,19,Não,8
952,6,8,3187,R$3.000-6.000,Não,,3,3.43,5,INSS,16,31,41,3.0,72,20,Não,3
953,7,9,8532,R$6.000-10.000,Não,,6,3.29,2,Acidente,21,-18,36,3.9,73,18,Não,10
954,2,4,2239,Ate R$3.000,Não,,0,2.47,2,INSS,6,35,49,4.4,78,28,Não,24
955,2,5,3023,R$3.000-6.000,Não,,3,1.59,5,Acidente,24,5,42,3.1,81,26,Não,23
956,7,5,2254,Ate R$3.000,Não,,1,2.84,5,INSS,56,24,51,2.9,75,31,Não,13
957,2,5,3029,R$3.000-6.000,Não,,2,5.75,0,,50,13,37,3.4,61,35,Não,12
958,2,9,8042,R$6.000-10.000,Não,,1,3.4,10,INSS,59,3,50,1.9,82,1,Não,15
959,7,4,2596,Ate R$3.000,Não,,2,4.91,0,,34,37,13,3.8,63,4,Não,6
960,7,4,1954,Ate R$3.000,Não,,0,0.3,15,Licença Médica,1,18,24,3.5,60,1,Não,28
961,2,9,10388,R$10.000-15.000,Não,,0,1.96,5,Licença Médica,26,35,49,2.8,54,20,Não,15
962,6,9,10014,R$10.000-15.000,Não,,1,3.0,15,Acidente,7,-7,20,2.7,81,34,Não,16
963,7,9,10355,R$10.000-15.000,Não,,1,6.48,15,INSS,54,31,35,2.8,66,36,Não,14
964,7,4,2182,Ate R$3.000,Não,,2,1.87,15,INSS,19,-20,44,3.9,88,2,Não,21
965,6,8,3150,R$3.000-6.000,Sim,Fim de Contrato,3,1.24,0,,17,15,28,3.6,58,1,Não,1
966,6,8,3505,R$3.000-6.000,Não,,0,1.71,0,,41,23,38,3.4,71,27,Não,15
967,10,1,4854,R$3.000-6.000,Não,,3,4.41,0,,60,-18,16,3.4,83,13,Não,14
968,7,9,9459,R$6.000-10.000,Não,,1,1.18,5,INSS,18,-3,23,3.8,74,26,Não,8
969,7,5,2704,Ate R$3.000,Não,,5,0.96,5,Licença Médica,22,-17,48,4.6,82,33,Não,20
970,8,3,3240,R$3.000-6.000,Não,,0,0.86,0,,6,40,20,3.0,62,33,Não,28
971,3,3,4048,R$3.000-6.000,Não,,2,2.64,10,Acidente,10,37,46,3.1,61,13,Não,28
972,8,3,3815,R$3.000-6.000,Sim,Desligamento sem Justa Causa,3,4.36,15,Acidente,40,-10,13,3.0,63,25,Não,13
973,6,8,4434,R$3.000-6.000,Não,,6,3.0,5,INSS,31,-9,45,3.8,82,15,Não,25
974,6,9,8037,R$6.000-10.000,Não,,1,3.06,5,INSS,30,-8,30,2.9,50,32,Não,7
975,7,9,8683,R$6.000-10.000,Não,,2,2.92,5,INSS,60,36,28,2.6,77,9,Não,18
976,6,8,3000,R$3.000-6.000,Não,,3,3.27,0,,29,-18,22,3.0,86,40,Não,29
977,2,9,9544,R$6.000-10.000,Não,,1,2.56,0,,7,33,54,3.5,65,22,Não,30
978,7,4,2186,Ate R$3.000,Não,,1,4.45,10,Licença Médica,57,-5,48,2.7,78,24,Não,29
979,6,9,10470,R$10.000-15.000,Não,,5,4.46,15,INSS,53,-4,38,2.9,47,3,Não,8
980,7,9,10792,R$10.000-15.000,Sim,Fim de Contrato,4,1.9,5,INSS,11,35,18,3.4,75,26,Não,15
981,6,9,9768,R$6.000-10.000,Não,,1,3.87,0,,14,38,47,2.8,82,14,Não,10
982,4,6,11137,R$10.000-15.000,Não,,4,2.81,2,Licença Médica,40,16,30,4.7,73,32,Sim,1
983,2,9,8511,R$6.000-10.000,Não,,2,0.31,0,,0,26,43,3.8,79,19,Não,3
984,1,3,3318,R$3.000-6.000,Não,,3,2.68,0,,46,-6,38,2.5,93,39,Não,15
985,1,1,5515,R$3.000-6.000,Não,,8,1.85,0,,1,5,13,4.2,81,25,Não,5
986,2,5,2758,Ate R$3.000,Não,,1,5.78,0,,56,20,21,2.5,79,4,Não,0
987,7,4,2565,Ate R$3.000,Não,,2,5.05,0,,60,28,40,3.0,78,36,Não,28
988,5,7,18935,Acima de R$15.000,Não,,0,2.47,0,,13,6,34,3.4,82,21,Não,10
989,7,4,2060,Ate R$3.000,Não,,0,2.15,0,,43,3,49,3.5,87,29,Não,27
990,2,4,2170,Ate R$3.000,Não,,1,3.3,5,Licença Médica,23,33,27,2.7,77,39,Não,30
991,7,5,2716,Ate R$3.000,Não,,1,3.28,2,Licença Médica,24,8,50,3.6,80,19,Não,2
992,6,8,4019,R$3.000-6.000,Não,,2,2.34,2,Licença Médica,4,32,31,3.5,78,36,Não,14
993,7,4,1924,Ate R$3.000,Não,,3,1.12,0,,5,16,57,4.1,86,6,Não,11
994,9,2,8128,R$6.000-10.000,Não,,5,3.25,10,Licença Médica,43,-20,39,1.6,60,3,Não,22
995,6,9,10040,R$10.000-15.000,Não,,4,1.57,0,,0,14,32,3.2,75,16,Não,14
996,10,9,10903,R$10.000-15.000,Não,,2,2.66,0,,60,-4,45,4.0,74,19,Não,8
997,3,1,6015,R$6.000-10.000,Não,,3,5.09,0,,22,-17,39,4.0,76,4,Não,15
998,7,4,2467,Ate R$3.000,Não,,1,3.95,5,Licença Médica,43,21,33,2.7,58,36,Não,19
999,2,4,2076,Ate R$3.000,Não,,3,3.16,15,Acidente,26,2,48,3.0,83,24,Não,23
1000,6,8,3560,R$3.000-6.000,Não,,2,2.48,0,,11,2,41,2.9,68,16,Não,10
